name;mata-bin-runtime;mata-bin-parsing;mata-bin-mintermization;mata-bin-emptiness_check;automata-runtime;automata-construction;automata-intersection;automata-trim;automata-emptiness_check;automata-emptiness_result;mata-runtime;mata-mataparsing;mata-mataminterm;mata-intersection;mata-trim;mata-emptiness_check;mata-emptiness_check_result;vata-runtime;vata-mataparsing;vata-mataminterm;vata-construction;vata-intersection;vata-trim;vata-emptiness_check;vata-emptiness_check_result;awali-runtime;awali-mataparsing;awali-mataminterm;awali-construction;awali-intersection;awali-trim;awali-emptiness_check;awali-emptiness_check_result;pymata-runtime;pymata-construction;pymata-conversion;pymata-intersection;pymata-trimming;pymata-emptiness;pymata-result;pyfado-runtime;pyautomata-lib-runtime;java-automatalib-runtime;java-brics-runtime;java-brics-construction;java-brics-intersection;java-brics-emptiness_check;java-brics-emptiness_result
/home/experiments/nfa-bench/benchmarks/bool_comb/cox/diff_sat-50-lhs.mata,/home/experiments/nfa-bench/benchmarks/bool_comb/cox/diff_sat-50-rhs.mata;0.03; 0.0164907; 0.00414921; 0.0106;0.16;0.12301609999999999; 0.0680829000; 0.0001498000; 0.0001786000; False;0.04; 0.0343561; 0.0144427; 0.00923416; 0.00372105; 5.5706e-05; false;0.06; 0.0340535; 0.0135681;0.001536047; 0.0109404; 0.0130206; 0.00275071; false;0.05; 0.0335819; 0.0113061;0.00029613299999999996; 0.00933469; 0.023997; 0.000341627; false;1.16; 0.0468; 0.0000; 0.0141; 0.0127; 0.0000; False;TO;TO;TO;1.33;0.067630107; 0.062283068; 3.2071E-5; false
/home/experiments/nfa-bench/benchmarks/bool_comb/cox/diff_sat-100-lhs.mata,/home/experiments/nfa-bench/benchmarks/bool_comb/cox/diff_sat-100-rhs.mata;0.12; 0.0721046; 0.00836056; 0.0640;0.27;0.08560859999999999; 0.1415905000; 0.0002002000; 0.0001919000; False;0.12; 0.0593322; 0.0156134; 0.0416029; 0.0189359; 0.000103657; false;0.19; 0.0561537; 0.0157838;0.0027571699999999998; 0.0641961; 0.0778364; 0.000420883; false;0.18; 0.0981476; 0.0302648;0.000532325; 0.0644823; 0.0849941; 0.00167241; false;1.45; 0.0878; 0.0000; 0.0731; 0.0180; 0.0005; False;TO;TO;TO;1.69;0.066636926; 0.201107954; 4.3589E-5; false
/home/experiments/nfa-bench/benchmarks/bool_comb/cox/diff_sat-1000-lhs.mata,/home/experiments/nfa-bench/benchmarks/bool_comb/cox/diff_sat-1000-rhs.mata;21.59; 0.581707; 0.105816; 20.9515;29.32;0.28820670000000004; 29.4391852000; 0.0007083000; 0.0001757000; False;11.79; 0.522722; 0.0691329; 10.18; 2.3437; 0.000431878; false;17.47; 0.550663; 0.100083;0.0337759; 9.08982; 6.78413; 1.89023; false;18.0; 0.577145; 0.0816084;0.0029616599999999996; 6.59644; 10.0889; 0.190427; false;18.15; 0.6279; 0.0000; 14.1557; 3.8134; 0.0036; False;TO;TO;TO;44.29;0.151023281; 19.506738194; 5.0488E-5; false
/home/experiments/nfa-bench/benchmarks/bool_comb/cox/diff_sat-150-lhs.mata,/home/experiments/nfa-bench/benchmarks/bool_comb/cox/diff_sat-150-rhs.mata;0.27; 0.0711187; 0.00798012; 0.2124;0.47;0.1000211; 0.4181840000; 0.0002664000; 0.0002247000; False;0.25; 0.0913118; 0.0204692; 0.152233; 0.0524091; 0.000158661; false;0.5; 0.123576; 0.0477325;0.00425595; 0.197696; 0.229307; 0.00125017; false;0.36; 0.136447; 0.0191451;0.000720046; 0.110678; 0.181796; 0.00360607; false;1.63; 0.1178; 0.0000; 0.1807; 0.0455; 0.0009; False;TO;TO;TO;2.26;0.04201976; 0.363773398; 2.5188E-5; false
/home/experiments/nfa-bench/benchmarks/bool_comb/cox/diff_sat-200-lhs.mata,/home/experiments/nfa-bench/benchmarks/bool_comb/cox/diff_sat-200-rhs.mata;0.48; 0.11677; 0.018271; 0.3382;0.71;0.15392319999999998; 0.5621537000; 0.0003044000; 0.0001835000; False;0.35; 0.126925; 0.0611596; 0.189028; 0.0735672; 0.000166213; false;0.74; 0.130586; 0.0250167;0.00586052; 0.293557; 0.342531; 0.00102733; false;0.65; 0.19585; 0.0246684;0.0010530230000000002; 0.176522; 0.327484; 0.00521559; false;1.81; 0.1669; 0.0000; 0.3556; 0.1001; 0.0011; False;TO;TO;TO;2.69;0.04506181; 0.648034863; 3.4015E-5; false
/home/experiments/nfa-bench/benchmarks/bool_comb/cox/diff_sat-250-lhs.mata,/home/experiments/nfa-bench/benchmarks/bool_comb/cox/diff_sat-250-rhs.mata;0.67; 0.0763128; 0.0138755; 0.5733;0.78;0.08680539999999999; 0.6338028000; 0.0002280000; 0.0001403000; False;0.58; 0.136107; 0.0307319; 0.370698; 0.133986; 0.000188767; false;0.93; 0.139454; 0.0382789;0.00404952; 0.422374; 0.441695; 0.000726749; false;1.03; 0.180445; 0.0284016;0.00111981; 0.325475; 0.56791; 0.0107569; false;2.04; 0.2399; 0.0000; 0.5397; 0.1806; 0.0141; False;TO;TO;TO;3.84;0.07601296299999999; 1.141903896; 2.4609E-5; false
/home/experiments/nfa-bench/benchmarks/bool_comb/cox/diff_sat-300-lhs.mata,/home/experiments/nfa-bench/benchmarks/bool_comb/cox/diff_sat-300-rhs.mata;1.47; 0.189905; 0.0305449; 1.3011;1.58;0.1910855; 1.4895043000; 0.0004475000; 0.0002050000; False;0.77; 0.139345; 0.0264962; 0.543586; 0.185223; 0.000382846; false;1.7; 0.167779; 0.0402004;0.00753575; 0.918439; 0.700268; 0.00136777; false;1.18; 0.107844; 0.0247662;0.0008774620000000001; 0.371329; 0.655078; 0.0121118; false;2.56; 0.2370; 0.0000; 0.9004; 0.2430; 0.0012; False;TO;TO;TO;5.15;0.054422819; 1.734747467; 3.7108E-5; false
/home/experiments/nfa-bench/benchmarks/bool_comb/cox/diff_sat-350-lhs.mata,/home/experiments/nfa-bench/benchmarks/bool_comb/cox/diff_sat-350-rhs.mata;2.12; 0.256594; 0.0367466; 1.9481;2.08;0.1275846; 2.0178841000; 0.0004511000; 0.0001862000; False;1.37; 0.232128; 0.0450054; 0.980269; 0.325649; 0.000339494; false;2.45; 0.209577; 0.0409998;0.011385039999999999; 1.24088; 1.15869; 0.00186876; false;2.15; 0.223629; 0.0439561;0.00203536; 0.756783; 1.13096; 0.0215207; false;2.72; 0.2618; 0.0000; 1.2228; 0.2979; 0.0011; False;TO;TO;TO;6.09;0.077858517; 2.190386974; 2.3038E-5; false
/home/experiments/nfa-bench/benchmarks/bool_comb/cox/diff_sat-400-lhs.mata,/home/experiments/nfa-bench/benchmarks/bool_comb/cox/diff_sat-400-rhs.mata;2.72; 0.205168; 0.0402797; 2.6549;2.95;0.1353531; 3.2717823000; 0.0004648000; 0.0001342000; False;1.51; 0.144384; 0.0442529; 1.15105; 0.451638; 0.0003284; false;3.09; 0.241442; 0.0520491;0.014945110000000001; 1.78113; 1.37032; 0.00253846; false;2.87; 0.2753; 0.0484024;0.00223132; 1.04067; 1.56268; 0.0219065; false;3.08; 0.2721; 0.0000; 1.4841; 0.6010; 0.0017; False;TO;TO;TO;7.46;0.076133715; 2.825008623; 3.5202E-5; false
/home/experiments/nfa-bench/benchmarks/bool_comb/cox/diff_sat-450-lhs.mata,/home/experiments/nfa-bench/benchmarks/bool_comb/cox/diff_sat-450-rhs.mata;3.03; 0.185819; 0.0301158; 2.9157;4.32;0.1672116; 4.2615811000; 0.0007596000; 0.0002615000; False;2.24; 0.250217; 0.0478978; 1.67057; 0.560776; 0.000399768; false;3.78; 0.15499; 0.0340996;0.00829226; 1.91073; 1.91125; 0.00470239; false;3.63; 0.24509; 0.0483755;0.0020865700000000003; 1.12096; 2.0854; 0.0363495; false;4.58; 0.3297; 0.0000; 2.5298; 0.7391; 0.0025; False;TO;TO;TO;9.44;0.09405422199999999; 4.016303693; 4.9245E-5; false
/home/experiments/nfa-bench/benchmarks/bool_comb/cox/diff_sat-500-lhs.mata,/home/experiments/nfa-bench/benchmarks/bool_comb/cox/diff_sat-500-rhs.mata;4.86; 0.376837; 0.0825849; 4.7996;4.91;0.2443916; 4.8528267000; 0.0006556000; 0.0002256000; False;2.66; 0.29821; 0.0362372; 1.89289; 0.758067; 0.000660035; false;6.17; 0.254799; 0.0598826;0.01798559; 3.01499; 2.54016; 0.715931; false;4.43; 0.327141; 0.063015;0.00318912; 1.98435; 2.13698; 0.0350682; false;5.18; 0.3530; 0.0000; 2.8778; 0.9213; 0.0022; False;TO;TO;TO;10.41;0.08204908699999999; 4.569773119; 4.3336E-5; false
/home/experiments/nfa-bench/benchmarks/bool_comb/cox/diff_sat-550-lhs.mata,/home/experiments/nfa-bench/benchmarks/bool_comb/cox/diff_sat-550-rhs.mata;5.17; 0.38844; 0.056655; 5.4740;5.87;0.182158; 6.0091525000; 0.0004276000; 0.0001209000; False;3.74; 0.357463; 0.068699; 2.94235; 0.844393; 0.000731194; false;5.79; 0.227292; 0.0403532;0.01042019; 2.7543; 2.46679; 0.682342; false;5.99; 0.354462; 0.0651371;0.00295384; 2.22927; 3.22936; 0.0584839; false;6.28; 0.5000; 0.0000; 3.8061; 1.1164; 0.0041; False;TO;TO;TO;13.16;0.08663942499999999; 5.222181788; 4.3798E-5; false
/home/experiments/nfa-bench/benchmarks/bool_comb/cox/diff_sat-600-lhs.mata,/home/experiments/nfa-bench/benchmarks/bool_comb/cox/diff_sat-600-rhs.mata;6.62; 0.548243; 0.0511508; 6.5923;7.41;0.2495859; 7.8457486000; 0.0008299000; 0.0002333000; False;4.54; 0.375589; 0.0660753; 3.87497; 0.765726; 0.000527789; false;8.42; 0.212335; 0.0459235;0.01173956; 4.29525; 3.34286; 1.02285; false;6.8; 0.376771; 0.0682148;0.00339802; 2.52048; 3.7944; 0.0514118; false;5.79; 0.2787; 0.0000; 3.6444; 1.1529; 0.0035; False;TO;TO;TO;14.23;0.10955137100000001; 6.048684822; 4.8731E-5; false
/home/experiments/nfa-bench/benchmarks/bool_comb/cox/diff_sat-650-lhs.mata,/home/experiments/nfa-bench/benchmarks/bool_comb/cox/diff_sat-650-rhs.mata;7.05; 0.413062; 0.0582615; 6.9771;9.29;0.1448151; 9.3800192000; 0.0007853000; 0.0002247000; False;5.0; 0.349473; 0.0673226; 4.26634; 0.959404; 0.00034323; false;8.94; 0.237038; 0.0476261;0.01326336; 4.30195; 3.87235; 0.972347; false;7.49; 0.347816; 0.0678254;0.00307471; 2.85845; 4.23768; 0.0497315; false;6.43; 0.3209; 0.0000; 4.2078; 1.4148; 0.0049; False;TO;TO;TO;17.57;0.124558568; 8.012059163; 4.2585E-5; false
/home/experiments/nfa-bench/benchmarks/bool_comb/cox/diff_sat-700-lhs.mata,/home/experiments/nfa-bench/benchmarks/bool_comb/cox/diff_sat-700-rhs.mata;9.11; 0.314573; 0.0849488; 9.3363;11.83;0.1992175; 12.1050990000; 0.0008442000; 0.0002297000; False;5.3; 0.250262; 0.0547997; 4.4853; 1.03687; 0.000547731; false;10.67; 0.238227; 0.0508985;0.01370344; 5.42632; 4.50146; 1.05428; false;9.76; 0.367905; 0.0691187;0.0032273600000000003; 3.6154; 5.73015; 0.0616553; false;7.56; 0.3240; 0.0000; 5.1818; 1.6134; 0.0076; False;TO;TO;TO;19.81;0.208458486; 8.255387791; 3.3872E-5; false
/home/experiments/nfa-bench/benchmarks/bool_comb/cox/diff_sat-750-lhs.mata,/home/experiments/nfa-bench/benchmarks/bool_comb/cox/diff_sat-750-rhs.mata;10.85; 0.433027; 0.0646707; 11.1449;12.67;0.21498659999999997; 13.7869343000; 0.0017214000; 0.0004448000; False;6.63; 0.430815; 0.0848999; 5.54354; 1.3086; 0.000630307; false;10.08; 0.260531; 0.0508833;0.01531007; 5.58242; 3.72084; 1.03086; false;11.09; 0.496954; 0.0886395;0.00460897; 4.44712; 5.94062; 0.0835869; false;9.82; 0.5156; 0.0000; 6.9270; 2.0928; 0.0074; False;TO;TO;TO;21.5;0.108039514; 9.400798568; 3.1624E-5; false
/home/experiments/nfa-bench/benchmarks/bool_comb/cox/diff_sat-800-lhs.mata,/home/experiments/nfa-bench/benchmarks/bool_comb/cox/diff_sat-800-rhs.mata;11.69; 0.481414; 0.0516023; 11.5647;15.77;0.2718421; 16.5325703000; 0.0008841000; 0.0002669000; False;7.52; 0.499514; 0.0870929; 6.00331; 1.66284; 0.000801374; false;10.96; 0.315952; 0.0560215;0.01655659; 5.80243; 4.24558; 1.16607; false;9.96; 0.390359; 0.0743001;0.00360858; 3.82893; 5.5239; 0.0847798; false;11.6; 0.6381; 0.0000; 8.3958; 2.4744; 0.0089; False;TO;TO;TO;27.64;0.193467351; 12.014512358; 3.5177E-5; false
/home/experiments/nfa-bench/benchmarks/bool_comb/cox/diff_sat-850-lhs.mata,/home/experiments/nfa-bench/benchmarks/bool_comb/cox/diff_sat-850-rhs.mata;15.26; 0.52119; 0.0788829; 15.5077;17.95;0.2695141; 18.7085816000; 0.0006708000; 0.0001536000; False;9.9; 0.579117; 0.0939942; 8.58754; 1.96616; 0.00107958; false;16.07; 0.504244; 0.0900131;0.032358700000000004; 8.81082; 5.99477; 1.68646; false;11.99; 0.323622; 0.0597943;0.0028977300000000003; 4.7727; 6.54595; 0.122466; false;13.86; 0.6785; 0.0000; 10.1875; 2.8117; 0.0115; False;TO;TO;TO;29.71;0.167549248; 12.927880917; 3.1901E-5; false
/home/experiments/nfa-bench/benchmarks/bool_comb/cox/diff_sat-900-lhs.mata,/home/experiments/nfa-bench/benchmarks/bool_comb/cox/diff_sat-900-rhs.mata;17.7; 0.624967; 0.0866265; 17.9335;20.34;0.3669516; 20.7512958000; 0.0009359000; 0.0001937000; False;11.21; 0.550996; 0.0965037; 8.80833; 2.85142; 0.00125122; false;19.92; 0.480755; 0.0889097;0.0293145; 10.3167; 8.14604; 1.99348; false;13.4; 0.32463; 0.0756298;0.00303103; 5.2755; 7.27042; 0.133618; false;14.87; 0.6353; 0.0000; 11.3275; 2.8265; 0.0036; False;TO;TO;TO;35.47;0.128893305; 14.694597537; 5.8381E-5; false
/home/experiments/nfa-bench/benchmarks/bool_comb/cox/diff_sat-950-lhs.mata,/home/experiments/nfa-bench/benchmarks/bool_comb/cox/diff_sat-950-rhs.mata;19.68; 0.525741; 0.0844944; 19.7014;29.51;0.35752419999999996; 30.7066516000; 0.0009291000; 0.0002480000; False;13.57; 0.55832; 0.108805; 10.8613; 3.33359; 0.000804972; false;23.19; 0.575071; 0.112129;0.0410378; 11.6858; 9.60387; 2.58338; false;14.81; 0.531667; 0.0965066;0.0051829400000000005; 5.84506; 8.0851; 0.131726; false;17.24; 0.6487; 0.0000; 13.2731; 3.6001; 0.0049; False;TO;TO;TO;38.37;0.195490192; 15.87149226; 6.5632E-5; false
/home/experiments/nfa-bench/benchmarks/bool_comb/cox/diff_unsat-100-lhs.mata,/home/experiments/nfa-bench/benchmarks/bool_comb/cox/diff_unsat-100-rhs.mata;0.15; 0.0455113; 0.00586272; 0.0972;0.3;0.0970858; 0.1720885000; 0.0002189000; 0.0001881000; False;0.12; 0.103511; 0.0160543; 0.0824098; 0.0248528; 0.000138784; false;0.21; 0.0611805; 0.0182852;0.0025087; 0.0680117; 0.0924591; 0.000875927; false;0.19; 0.148888; 0.0461563;0.000593785; 0.091439; 0.0781613; 0.00169893; false;1.32; 0.1328; 0.0000; 0.0729; 0.0165; 0.0004; False;TO;TO;TO;1.42;0.038850585; 0.198031397; 4.2586E-5; false
/home/experiments/nfa-bench/benchmarks/bool_comb/cox/diff_unsat-1000-lhs.mata,/home/experiments/nfa-bench/benchmarks/bool_comb/cox/diff_unsat-1000-rhs.mata;19.46; 0.660221; 0.0993398; 19.1935;29.69;0.1842066; 30.1533287000; 0.0007061000; 0.0001728000; False;13.52; 0.538673; 0.103412; 11.617; 2.68842; 0.000799917; false;20.59; 0.580028; 0.104715;0.0346648; 10.7746; 7.85511; 2.49364; false;18.47; 0.33763; 0.0659224;0.00286858; 6.70557; 10.8504; 0.184839; false;17.34; 0.6187; 0.0000; 13.1007; 4.3652; 0.0378; False;TO;TO;TO;44.93;0.135126673; 20.365001058; 3.1962E-5; false
/home/experiments/nfa-bench/benchmarks/bool_comb/cox/diff_unsat-150-lhs.mata,/home/experiments/nfa-bench/benchmarks/bool_comb/cox/diff_unsat-150-rhs.mata;0.35; 0.0895627; 0.0158612; 0.2681;0.45;0.0928896; 0.3159946000; 0.0001239000; 0.0001062000; False;0.22; 0.191765; 0.0222695; 0.115224; 0.0356905; 7.167e-05; false;0.37; 0.102244; 0.020877;0.00356362; 0.194525; 0.174757; 0.000608931; false;0.28; 0.050999; 0.0138202;0.000423124; 0.0585212; 0.184815; 0.00367493; false;1.65; 0.1219; 0.0000; 0.1764; 0.0553; 0.0008; False;TO;TO;TO;2.3;0.077088586; 0.40067095; 2.8569E-5; false
/home/experiments/nfa-bench/benchmarks/bool_comb/cox/diff_unsat-200-lhs.mata,/home/experiments/nfa-bench/benchmarks/bool_comb/cox/diff_unsat-200-rhs.mata;0.53; 0.124084; 0.0199492; 0.3811;0.79;0.10882230000000001; 0.6908719000; 0.0004329000; 0.0002558000; False;0.42; 0.138955; 0.0345517; 0.234492; 0.117553; 0.000149956; false;0.87; 0.117553; 0.0297183;0.00472249; 0.396006; 0.44533; 0.00111432; false;0.53; 0.0748338; 0.0206933;0.000543698; 0.132963; 0.329293; 0.00546861; false;1.45; 0.1098; 0.0000; 0.2748; 0.0972; 0.0008; False;TO;TO;TO;3.22;0.11322215199999999; 0.742318796; 3.7629E-5; false
/home/experiments/nfa-bench/benchmarks/bool_comb/cox/diff_unsat-250-lhs.mata,/home/experiments/nfa-bench/benchmarks/bool_comb/cox/diff_unsat-250-rhs.mata;0.84; 0.143489; 0.0226777; 0.7172;1.12;0.1164742; 1.0784887000; 0.0005213000; 0.0002140000; False;0.52; 0.0893674; 0.0210759; 0.339305; 0.144662; 0.000187557; false;1.19; 0.0834857; 0.0206116;0.00412795; 0.511292; 0.649657; 0.00227497; false;1.08; 0.150097; 0.0322391;0.0012806570000000001; 0.329843; 0.57796; 0.0441419; false;2.1; 0.2012; 0.0000; 0.5894; 0.1745; 0.0014; False;TO;TO;TO;4.22;0.083520913; 1.259407438; 5.2898E-5; false
/home/experiments/nfa-bench/benchmarks/bool_comb/cox/diff_unsat-300-lhs.mata,/home/experiments/nfa-bench/benchmarks/bool_comb/cox/diff_unsat-300-rhs.mata;1.33; 0.121827; 0.0258314; 1.2923;1.49;0.13113539999999999; 1.3167860000; 0.0002808000; 0.0001586000; False;0.92; 0.231326; 0.0585112; 0.700627; 0.179847; 0.000195303; false;2.02; 0.193423; 0.039515;0.01026146; 0.936991; 1.0297; 0.00293949; false;1.18; 0.107203; 0.0254337;0.000899775; 0.391599; 0.633582; 0.0122623; false;2.07; 0.1497; 0.0000; 0.7907; 0.2471; 0.0020; False;TO;TO;TO;5.04;0.065804802; 1.792897589; 3.9232E-5; false
/home/experiments/nfa-bench/benchmarks/bool_comb/cox/diff_unsat-350-lhs.mata,/home/experiments/nfa-bench/benchmarks/bool_comb/cox/diff_unsat-350-rhs.mata;2.18; 0.233768; 0.0342165; 2.0912;2.42;0.1723514; 2.2637623000; 0.0005539000; 0.0002945000; False;1.39; 0.249308; 0.0503664; 1.08874; 0.307944; 0.000279283; false;2.36; 0.195918; 0.0413084;0.01170798; 1.23143; 1.03701; 0.00171105; false;2.07; 0.199097; 0.0408939;0.001721825; 0.775283; 1.22652; 0.0201145; false;2.48; 0.3357; 0.0000; 1.2218; 0.2946; 0.0017; False;TO;TO;TO;5.96;0.11962363; 2.09003832; 3.1961E-5; false
/home/experiments/nfa-bench/benchmarks/bool_comb/cox/diff_unsat-400-lhs.mata,/home/experiments/nfa-bench/benchmarks/bool_comb/cox/diff_unsat-400-rhs.mata;2.6; 0.280465; 0.0355271; 2.4378;3.05;0.1440934; 3.2035743000; 0.0006287000; 0.0002238000; False;1.92; 0.235448; 0.0513932; 1.38045; 0.491003; 0.000282436; false;2.7; 0.221713; 0.0521122;0.01294939; 1.52144; 1.14721; 0.00112735; false;2.61; 0.260174; 0.0480564;0.0023052000000000003; 0.916978; 1.402; 0.0192456; false;3.38; 0.2833; 0.0000; 1.6108; 0.5398; 0.0020; False;TO;TO;TO;7.18;0.134504119; 2.710585259; 4.6185E-5; false
/home/experiments/nfa-bench/benchmarks/bool_comb/cox/diff_unsat-450-lhs.mata,/home/experiments/nfa-bench/benchmarks/bool_comb/cox/diff_unsat-450-rhs.mata;3.26; 0.196466; 0.0352764; 3.0261;3.85;0.1581783; 3.8261335000; 0.0003700000; 0.0001663000; False;2.13; 0.151608; 0.0334015; 1.66327; 0.53712; 0.000330513; false;3.58; 0.169089; 0.0365708;0.008864509999999999; 1.88313; 1.72732; 0.00325131; false;3.21; 0.28256; 0.053341;0.00269927; 1.24544; 1.59908; 0.0379962; false;4.02; 0.3345; 0.0000; 2.3411; 0.6802; 0.0025; False;TO;TO;TO;9.04;0.10755306; 3.753445044; 3.2583E-5; false
/home/experiments/nfa-bench/benchmarks/bool_comb/cox/diff_unsat-50-lhs.mata,/home/experiments/nfa-bench/benchmarks/bool_comb/cox/diff_unsat-50-rhs.mata;0.02; 0.0177852; 0.00269636; 0.0094;0.11;0.050735199999999994; 0.0283076000; 0.0000901000; 0.0001301000; False;0.03; 0.0178093; 0.0454794; 0.00778338; 0.0040928; 2.6601e-05; false;0.04; 0.016502; 0.00709586;0.000766395; 0.007567; 0.0143322; 0.000140168; false;0.03; 0.0160836; 0.0073257;0.00014867500000000002; 0.00550955; 0.00703013; 0.00050112; false;1.31; 0.0479; 0.0000; 0.0134; 0.0028; 0.0001; False;TO;TO;TO;1.13;0.034511615; 0.057678797; 7.5664E-5; false
/home/experiments/nfa-bench/benchmarks/bool_comb/cox/diff_unsat-500-lhs.mata,/home/experiments/nfa-bench/benchmarks/bool_comb/cox/diff_unsat-500-rhs.mata;4.26; 0.265702; 0.0692236; 4.0031;4.39;0.1818149; 4.4364101000; 0.0007240000; 0.0001950000; False;3.09; 0.275499; 0.0559536; 2.46172; 0.772136; 0.000816066; false;5.11; 0.285713; 0.0631679;0.0224564; 2.52432; 2.24257; 0.542209; false;3.83; 0.356887; 0.0470757;0.00219978; 1.4998; 2.06883; 0.0301724; false;5.16; 0.4098; 0.0000; 3.0813; 0.8849; 0.0030; False;TO;TO;TO;11.47;0.08201367700000001; 5.048392529; 4.7754E-5; false
/home/experiments/nfa-bench/benchmarks/bool_comb/cox/diff_unsat-550-lhs.mata,/home/experiments/nfa-bench/benchmarks/bool_comb/cox/diff_unsat-550-rhs.mata;5.71; 0.359257; 0.0499069; 5.7951;6.79;0.1770264; 7.2782897000; 0.0006792000; 0.0001818000; False;3.52; 0.257395; 0.0535893; 2.90404; 0.698952; 0.000339604; false;6.1; 0.366048; 0.0728328;0.01936096; 3.17006; 2.39244; 0.653129; false;5.02; 0.192594; 0.0456702;0.0016775039999999998; 1.48419; 3.25801; 0.0417111; false;5.69; 0.4568; 0.0000; 3.6062; 1.0607; 0.0048; False;TO;TO;TO;12.43;0.119321922; 5.256558615; 2.734E-5; false
/home/experiments/nfa-bench/benchmarks/bool_comb/cox/diff_unsat-600-lhs.mata,/home/experiments/nfa-bench/benchmarks/bool_comb/cox/diff_unsat-600-rhs.mata;6.22; 0.515915; 0.0545373; 6.3792;8.22;0.21500390000000003; 8.2348180000; 0.0007588000; 0.0001796000; False;3.76; 0.207941; 0.0423299; 3.16462; 0.781742; 0.000777706; false;7.86; 0.215907; 0.0458999;0.01229246; 4.11314; 3.05925; 0.884135; false;5.51; 0.287764; 0.0436831;0.001737158; 2.18576; 2.94777; 0.0532545; false;6.1; 0.4363; 0.0000; 3.9470; 1.2209; 0.0033; False;TO;TO;TO;12.95;0.078055391; 5.585480254; 3.1114E-5; false
/home/experiments/nfa-bench/benchmarks/bool_comb/cox/diff_unsat-650-lhs.mata,/home/experiments/nfa-bench/benchmarks/bool_comb/cox/diff_unsat-650-rhs.mata;8.8; 0.40777; 0.0538366; 8.4994;9.62;0.15417350000000002; 9.7669527000; 0.0005865000; 0.0001736000; False;5.22; 0.381977; 0.0703972; 4.29378; 1.11046; 0.000442206; false;9.44; 0.338153; 0.0670233;0.040157609999999996; 4.49272; 4.16847; 1.19992; false;7.07; 0.424609; 0.0746226;0.00417551; 2.58044; 3.73077; 0.0701395; false;7.73; 0.5274; 0.0000; 4.9523; 1.6042; 0.0074; False;TO;TO;TO;17.59;0.149629577; 7.774386544; 3.4601E-5; false
/home/experiments/nfa-bench/benchmarks/bool_comb/cox/diff_unsat-700-lhs.mata,/home/experiments/nfa-bench/benchmarks/bool_comb/cox/diff_unsat-700-rhs.mata;8.92; 0.451197; 0.0642004; 8.4307;11.44;0.2282215; 11.8163536000; 0.0010656000; 0.0003146000; False;6.33; 0.471209; 0.0829325; 5.25708; 1.31363; 0.00058031; false;9.42; 0.389772; 0.0703105;0.0222775; 4.87204; 3.53289; 1.08652; false;8.23; 0.394937; 0.0715237;0.00333868; 3.19006; 4.4697; 0.0598292; false;9.07; 0.5632; 0.0000; 6.2704; 1.7918; 0.0102; False;TO;TO;TO;20.54;0.158295669; 9.063081646; 3.276E-5; false
/home/experiments/nfa-bench/benchmarks/bool_comb/cox/diff_unsat-750-lhs.mata,/home/experiments/nfa-bench/benchmarks/bool_comb/cox/diff_unsat-750-rhs.mata;10.88; 0.56226; 0.0674542; 10.5213;12.49;0.2116778; 13.0410051000; 0.0008814000; 0.0002333000; False;6.39; 0.258186; 0.0538948; 5.27325; 1.53841; 0.00064584; false;12.59; 0.398378; 0.078846;0.026673799999999998; 6.3283; 4.9427; 1.57214; false;10.79; 0.246049; 0.0495225;0.00218367; 3.51022; 6.61835; 0.113874; false;10.26; 0.5622; 0.0000; 7.2542; 2.1225; 0.0107; False;TO;TO;TO;22.28;0.131656035; 9.669130951; 5.1777E-5; false
/home/experiments/nfa-bench/benchmarks/bool_comb/cox/diff_unsat-800-lhs.mata,/home/experiments/nfa-bench/benchmarks/bool_comb/cox/diff_unsat-800-rhs.mata;11.78; 0.659262; 0.0745824; 12.0398;16.14;0.2091937; 16.5282455000; 0.0014189000; 0.0003367000; False;7.7; 0.44702; 0.0789033; 6.3005; 1.71163; 0.000576207; false;11.55; 0.431092; 0.0814803;0.0266872; 6.44117; 4.17583; 1.2152; false;11.37; 0.41247; 0.078039;0.00366556; 4.73337; 6.03049; 0.103979; false;11.81; 0.6345; 0.0000; 8.3511; 2.5244; 0.0178; False;TO;TO;TO;26.39;0.107509154; 11.494040448; 3.9354E-5; false
/home/experiments/nfa-bench/benchmarks/bool_comb/cox/diff_unsat-850-lhs.mata,/home/experiments/nfa-bench/benchmarks/bool_comb/cox/diff_unsat-850-rhs.mata;13.91; 0.567267; 0.0850347; 14.2734;18.66;0.3146581; 18.9894924000; 0.0005545000; 0.0001489000; False;9.62; 0.371177; 0.0705263; 8.03656; 2.30143; 0.000717711; false;15.86; 0.53699; 0.0919603;0.0300464; 8.66516; 6.09386; 1.36358; false;11.25; 0.406013; 0.0606922;0.00284807; 4.0384; 6.5221; 0.114407; false;13.36; 0.6667; 0.0000; 10.1338; 2.7111; 0.0263; False;TO;TO;TO;30.63;0.201496161; 13.543709676; 3.4547E-5; false
/home/experiments/nfa-bench/benchmarks/bool_comb/cox/diff_unsat-900-lhs.mata,/home/experiments/nfa-bench/benchmarks/bool_comb/cox/diff_unsat-900-rhs.mata;16.79; 0.574233; 0.0800312; 17.4125;23.9;0.2808984; 24.6375699000; 0.0010412000; 0.0002544000; False;11.58; 0.575867; 0.101473; 9.33801; 2.85055; 0.0009778; false;19.11; 0.321518; 0.0735217;0.0220889; 9.61678; 8.1773; 2.10515; false;15.26; 0.575379; 0.120108;0.00556603; 5.55937; 8.70894; 0.135929; false;15.31; 0.6113; 0.0000; 11.7422; 3.1613; 0.0184; False;TO;TO;TO;33.08;0.11385052699999999; 15.161383739; 3.3911E-5; false
/home/experiments/nfa-bench/benchmarks/bool_comb/cox/diff_unsat-950-lhs.mata,/home/experiments/nfa-bench/benchmarks/bool_comb/cox/diff_unsat-950-rhs.mata;18.68; 0.570616; 0.0972295; 18.6529;26.98;0.3611073; 27.4596010000; 0.0010230000; 0.0002960000; False;10.41; 0.393366; 0.0686349; 8.61632; 2.27183; 0.000408164; false;19.82; 0.543699; 0.102226;0.0317374; 10.7179; 7.58827; 2.10175; false;14.31; 0.35171; 0.0658034;0.00288369; 5.61749; 7.99137; 0.117898; false;16.76; 0.7334; 0.0000; 12.8685; 3.3785; 0.0020; False;TO;TO;TO;39.78;0.183661295; 17.406818195; 3.5276E-5; false
/home/experiments/nfa-bench/benchmarks/bool_comb/cox/inter_sat-100-lhs.mata,/home/experiments/nfa-bench/benchmarks/bool_comb/cox/inter_sat-100-rhs.mata;0.13; 0.0726592; 0.00848201; 0.0699;0.3;0.09418019999999999; 0.1554406000; 0.0001564000; 0.0001413000; False;0.12; 0.0834303; 0.0170274; 0.0391601; 0.0219176; 0.000127243; false;0.24; 0.0871228; 0.018204;0.00318703; 0.0853371; 0.0898578; 0.000629687; false;0.18; 0.0683587; 0.0172503;0.000598738; 0.0402282; 0.0680225; 0.00148536; false;1.53; 0.1025; 0.0000; 0.0736; 0.0191; 0.0005; False;TO;TO;TO;1.95;0.049461892; 0.333707228; 2.8071E-5; false
/home/experiments/nfa-bench/benchmarks/bool_comb/cox/inter_sat-1000-lhs.mata,/home/experiments/nfa-bench/benchmarks/bool_comb/cox/inter_sat-1000-rhs.mata;18.96; 0.425653; 0.0623151; 19.0812;32.18;0.219251; 33.4239425000; 0.0017794000; 0.0003407000; False;12.8; 0.388806; 0.07472; 10.4182; 3.50112; 0.00106478; false;20.33; 0.582226; 0.0981337;0.0361973; 9.82617; 8.79627; 2.35036; false;18.95; 0.577979; 0.101343;0.00543893; 6.87737; 10.8986; 0.17268; false;18.31; 0.6623; 0.0000; 13.9352; 4.5524; 0.0062; False;TO;TO;TO;44.5;0.2991298; 19.713618715; 4.7817E-5; false
/home/experiments/nfa-bench/benchmarks/bool_comb/cox/inter_sat-150-lhs.mata,/home/experiments/nfa-bench/benchmarks/bool_comb/cox/inter_sat-150-rhs.mata;0.3; 0.0629641; 0.00895688; 0.2363;0.42;0.0654373; 0.3378762000; 0.0002619000; 0.0002063000; False;0.24; 0.093192; 0.0232346; 0.124693; 0.0546799; 7.2002e-05; false;0.42; 0.0588662; 0.0187404;0.0038997600000000004; 0.214719; 0.168106; 0.000719497; false;0.34; 0.0816371; 0.0211205;0.000654312; 0.130086; 0.328482; 0.00317383; false;1.38; 0.0811; 0.0000; 0.3081; 0.0400; 0.0007; False;TO;TO;TO;2.01;0.033091423; 0.367391652; 3.8194E-5; false
/home/experiments/nfa-bench/benchmarks/bool_comb/cox/inter_sat-200-lhs.mata,/home/experiments/nfa-bench/benchmarks/bool_comb/cox/inter_sat-200-rhs.mata;0.33; 0.0631351; 0.0113433; 0.2738;0.52;0.0643021; 0.4859081000; 0.0001728000; 0.0001182000; False;0.31; 0.0658517; 0.0164367; 0.179243; 0.0920565; 0.000182274; false;0.8; 0.0971611; 0.0267062;0.005293330000000001; 0.32872; 0.473137; 0.00202775; false;0.72; 0.108481; 0.0288244;0.001144502; 0.205192; 0.396614; 0.00673615; false;2.1; 0.1852; 0.0000; 0.4349; 0.1005; 0.0011; False;TO;TO;TO;2.8;0.04421658; 0.7271179; 5.9015E-5; false
/home/experiments/nfa-bench/benchmarks/bool_comb/cox/inter_sat-250-lhs.mata,/home/experiments/nfa-bench/benchmarks/bool_comb/cox/inter_sat-250-rhs.mata;0.97; 0.147803; 0.0242176; 0.8177;1.15;0.1886719; 1.0423298000; 0.0005214000; 0.0002375000; False;0.5; 0.134404; 0.0333241; 0.309235; 0.121058; 0.000113705; false;1.08; 0.104982; 0.0254859;0.00392092; 0.48757; 0.548053; 0.00118905; false;1.08; 0.145305; 0.0316928;0.001054665; 0.317693; 0.602483; 0.0101581; false;1.58; 0.1887; 0.0000; 0.4118; 0.1283; 0.0010; False;TO;TO;TO;3.99;0.063399075; 1.111404859; 3.3987E-5; false
/home/experiments/nfa-bench/benchmarks/bool_comb/cox/inter_sat-300-lhs.mata,/home/experiments/nfa-bench/benchmarks/bool_comb/cox/inter_sat-300-rhs.mata;1.59; 0.185076; 0.0307657; 1.3844;1.46;0.1963947; 1.3039101000; 0.0002796000; 0.0001447000; False;1.11; 0.213786; 0.0430328; 0.761469; 0.249698; 0.00030964; false;1.58; 0.107219; 0.0253439;0.005304720000000001; 0.797543; 0.787898; 0.00157652; false;1.63; 0.189598; 0.0389303;0.001731961; 0.509372; 0.866093; 0.0147461; false;2.86; 0.2689; 0.0000; 1.0336; 0.3159; 0.0024; False;TO;TO;TO;5.29;0.090885702; 1.661810115; 2.8144E-5; false
/home/experiments/nfa-bench/benchmarks/bool_comb/cox/inter_sat-350-lhs.mata,/home/experiments/nfa-bench/benchmarks/bool_comb/cox/inter_sat-350-rhs.mata;1.7; 0.24667; 0.0346905; 1.6561;2.45;0.1505128; 2.4252381000; 0.0005390000; 0.0003002000; False;1.25; 0.135398; 0.0455031; 0.890914; 0.384952; 0.000476852; false;2.67; 0.203418; 0.0429664;0.01047615; 1.43727; 1.28506; 0.00184721; false;2.14; 0.231492; 0.0469189;0.0019450320000000002; 0.768956; 1.12358; 0.0169911; false;3.11; 0.3026; 0.0000; 1.4040; 0.3718; 0.0024; False;TO;TO;TO;5.83;0.062046579000000004; 2.027603189; 2.8351E-5; false
/home/experiments/nfa-bench/benchmarks/bool_comb/cox/inter_sat-400-lhs.mata,/home/experiments/nfa-bench/benchmarks/bool_comb/cox/inter_sat-400-rhs.mata;2.52; 0.207872; 0.0258145; 2.4312;2.76;0.1293399; 2.7138228000; 0.0005848000; 0.0001889000; False;1.56; 0.209949; 0.0454738; 1.11469; 0.396523; 0.000413788; false;2.46; 0.143002; 0.0301552;0.00976186; 1.30616; 1.2382; 0.00258594; false;2.76; 0.220184; 0.046936;0.0020395400000000003; 0.967894; 1.46813; 0.0269312; false;3.6; 0.3204; 0.0000; 1.6209; 0.5847; 0.0015; False;TO;TO;TO;7.3;0.08355072799999999; 2.767743645; 2.172E-5; false
/home/experiments/nfa-bench/benchmarks/bool_comb/cox/inter_sat-450-lhs.mata,/home/experiments/nfa-bench/benchmarks/bool_comb/cox/inter_sat-450-rhs.mata;3.62; 0.250595; 0.0471272; 3.4169;3.91;0.1520284; 4.0726099000; 0.0004003000; 0.0001508000; False;2.06; 0.243612; 0.0346674; 1.61376; 0.434988; 0.000359264; false;4.45; 0.276308; 0.0629794;0.01626983; 2.51567; 1.95435; 0.00387551; false;3.42; 0.155121; 0.0359966;0.001340299; 1.16371; 2.08215; 0.0331216; false;3.83; 0.3228; 0.0000; 2.1054; 0.5967; 0.0031; False;TO;TO;TO;9.15;0.09770234; 3.858208315; 7.5749E-5; false
/home/experiments/nfa-bench/benchmarks/bool_comb/cox/inter_sat-50-lhs.mata,/home/experiments/nfa-bench/benchmarks/bool_comb/cox/inter_sat-50-rhs.mata;0.04; 0.0279358; 0.00419994; 0.0117;0.15;0.0640368; 0.0461894000; 0.0001529000; 0.0001998000; False;0.04; 0.0307516; 0.0106224; 0.00782645; 0.00268633; 4.0972e-05; false;0.07; 0.0456962; 0.0118284;0.0013947439999999998; 0.0242696; 0.0209422; 0.0105154; false;0.05; 0.0413191; 0.0101472;0.000275168; 0.00711769; 0.00731374; 0.000302526; false;1.41; 0.0581; 0.0000; 0.0176; 0.0036; 0.0001; False;TO;TO;TO;1.22;0.058180601; 0.056352875; 4.246E-5; false
/home/experiments/nfa-bench/benchmarks/bool_comb/cox/inter_sat-500-lhs.mata,/home/experiments/nfa-bench/benchmarks/bool_comb/cox/inter_sat-500-rhs.mata;4.28; 0.2935; 0.0489534; 4.1257;5.42;0.1842326; 5.2921920000; 0.0009393000; 0.0002552000; False;2.17; 0.204385; 0.110319; 1.7258; 0.461474; 0.000247199; false;5.28; 0.327196; 0.0503815;0.01582124; 2.75536; 2.13968; 0.645815; false;3.95; 0.179728; 0.0368902;0.001440402; 1.51024; 2.22848; 0.0330727; false;4.91; 0.3982; 0.0000; 2.8660; 0.9224; 0.0025; False;TO;TO;TO;10.97;0.087432653; 4.233976235; 3.9931E-5; false
/home/experiments/nfa-bench/benchmarks/bool_comb/cox/inter_sat-550-lhs.mata,/home/experiments/nfa-bench/benchmarks/bool_comb/cox/inter_sat-550-rhs.mata;6.04; 0.553201; 0.0524631; 6.0502;6.1;0.1799097; 6.2410308000; 0.0008197000; 0.0001929000; False;3.48; 0.319713; 0.065568; 2.95771; 0.611389; 0.00041287; false;6.35; 0.331702; 0.0818585;0.01784541; 3.16096; 2.43205; 0.671943; false;6.13; 0.41665; 0.0685198;0.00334438; 2.3895; 3.35222; 0.0443852; false;4.69; 0.2697; 0.0000; 2.8987; 0.9672; 0.0029; False;TO;TO;TO;12.88;0.10750532200000001; 5.539376937; 4.8943E-5; false
/home/experiments/nfa-bench/benchmarks/bool_comb/cox/inter_sat-600-lhs.mata,/home/experiments/nfa-bench/benchmarks/bool_comb/cox/inter_sat-600-rhs.mata;6.52; 0.35228; 0.0489948; 6.4238;7.97;0.19386579999999998; 8.2969935000; 0.0008493000; 0.0002311000; False;3.94; 0.346395; 0.066477; 3.15828; 0.778158; 0.000534406; false;7.11; 0.377187; 0.0599921;0.01819875; 3.72729; 2.61995; 0.746205; false;7.49; 0.367341; 0.0673151;0.0034973699999999996; 2.71211; 4.18862; 0.0687672; false;7.09; 0.5160; 0.0000; 4.6984; 1.3289; 0.0066; False;TO;TO;TO;14.42;0.09495783; 5.904406304; 4.0842E-5; false
/home/experiments/nfa-bench/benchmarks/bool_comb/cox/inter_sat-650-lhs.mata,/home/experiments/nfa-bench/benchmarks/bool_comb/cox/inter_sat-650-rhs.mata;8.8; 0.389761; 0.0599289; 8.6741;9.55;0.1903339; 10.1936598000; 0.0009449000; 0.0002214000; False;5.31; 0.414121; 0.0794473; 4.31135; 1.13466; 0.000604987; false;10.74; 0.368384; 0.0805241;0.024202599999999998; 5.5245; 4.47299; 0.942537; false;7.73; 0.40811; 0.0772945;0.00374611; 2.92714; 4.37038; 0.0598729; false;7.74; 0.4411; 0.0000; 5.2060; 1.5938; 0.0060; False;TO;TO;TO;17.29;0.169772353; 7.747662686; 4.1477E-5; false
/home/experiments/nfa-bench/benchmarks/bool_comb/cox/inter_sat-700-lhs.mata,/home/experiments/nfa-bench/benchmarks/bool_comb/cox/inter_sat-700-rhs.mata;8.8; 0.551484; 0.102325; 8.7760;11.13;0.21554059999999997; 11.1930589000; 0.0011306000; 0.0002086000; False;5.79; 0.388566; 0.0731055; 5.0701; 1.16058; 0.000351258; false;11.66; 0.282337; 0.0518541;0.01473332; 5.97544; 4.89561; 1.17368; false;9.19; 0.378244; 0.0708549;0.0033949699999999998; 3.24621; 5.30605; 0.0744119; false;9.43; 0.5060; 0.0000; 6.5734; 1.8726; 0.0079; False;TO;TO;TO;20.2;0.18047069100000002; 8.691629311; 3.024E-5; false
/home/experiments/nfa-bench/benchmarks/bool_comb/cox/inter_sat-750-lhs.mata,/home/experiments/nfa-bench/benchmarks/bool_comb/cox/inter_sat-750-rhs.mata;10.83; 0.466475; 0.0644953; 11.0077;11.56;0.2395794; 12.0776588000; 0.0005325000; 0.0001402000; False;6.61; 0.485; 0.0816511; 5.76987; 1.14131; 0.000604382; false;12.35; 0.432642; 0.0782939;0.0286261; 6.37864; 4.95271; 1.25411; false;11.45; 0.475102; 0.0834582;0.00441035; 4.23824; 6.4858; 0.0888252; false;8.72; 0.3428; 0.0000; 6.1180; 2.0080; 0.0063; False;TO;TO;TO;23.1;0.098104215; 10.316775105; 3.4476E-5; false
/home/experiments/nfa-bench/benchmarks/bool_comb/cox/inter_sat-800-lhs.mata,/home/experiments/nfa-bench/benchmarks/bool_comb/cox/inter_sat-800-rhs.mata;13.68; 0.576438; 0.104756; 13.3187;18.46;0.3689547; 19.0588811000; 0.0006503000; 0.0001432000; False;8.93; 0.548629; 0.109509; 7.54015; 1.77315; 0.000628486; false;12.27; 0.415972; 0.0820167;0.025824600000000003; 6.83015; 4.40616; 1.24032; false;13.57; 0.443887; 0.0796546;0.00410901; 4.992; 7.6223; 0.121668; false;12.54; 0.5676; 0.0000; 9.2218; 3.0475; 0.0160; False;TO;TO;TO;27.22;0.14951127400000003; 11.383393436; 5.5667E-5; false
/home/experiments/nfa-bench/benchmarks/bool_comb/cox/inter_sat-850-lhs.mata,/home/experiments/nfa-bench/benchmarks/bool_comb/cox/inter_sat-850-rhs.mata;14.55; 0.486859; 0.072118; 14.5495;19.41;0.255525; 20.3324484000; 0.0011665000; 0.0002510000; False;8.77; 0.477037; 0.0859574; 7.46146; 1.67609; 0.000779257; false;14.93; 0.341357; 0.0580018;0.01709306; 6.99101; 6.63641; 1.88901; false;13.55; 0.290426; 0.0603204;0.00272648; 5.60299; 7.53291; 0.107824; false;14.2; 0.6207; 0.0000; 10.9444; 2.9249; 0.0142; False;TO;TO;TO;30.33;0.147362026; 13.111629517; 5.0647E-5; false
/home/experiments/nfa-bench/benchmarks/bool_comb/cox/inter_sat-900-lhs.mata,/home/experiments/nfa-bench/benchmarks/bool_comb/cox/inter_sat-900-rhs.mata;17.35; 0.566606; 0.111345; 17.3767;20.04;0.1587853; 20.6149005000; 0.0007919000; 0.0001452000; False;11.08; 0.622701; 0.109092; 9.4591; 2.10507; 0.000733434; false;19.64; 0.494146; 0.0975618;0.0401475; 10.7142; 7.64967; 1.88464; false;16.83; 0.541616; 0.0888317;0.00414488; 6.13035; 9.75264; 0.14658; false;13.47; 0.4268; 0.0000; 9.8963; 3.0819; 0.0027; False;TO;TO;TO;37.45;0.14031326; 16.625679625; 2.8492E-5; false
/home/experiments/nfa-bench/benchmarks/bool_comb/cox/inter_sat-950-lhs.mata,/home/experiments/nfa-bench/benchmarks/bool_comb/cox/inter_sat-950-rhs.mata;19.17; 0.505103; 0.0851647; 19.5331;26.55;0.2576338; 26.8623637000; 0.0008432000; 0.0001548000; False;13.16; 0.561735; 0.112384; 10.6779; 3.15214; 0.00145612; false;20.45; 0.340429; 0.0719156;0.0237076; 10.5611; 8.36139; 2.24608; false;19.99; 0.541529; 0.135119;0.00659976; 8.2596; 10.7975; 0.135916; false;16.5; 0.4304; 0.0000; 13.4610; 3.0995; 0.0022; False;TO;TO;TO;40.06;0.16525634500000003; 17.225841923; 4.8201E-5; false
/home/experiments/nfa-bench/benchmarks/bool_comb/cox/inter_unsat-100-lhs.mata,/home/experiments/nfa-bench/benchmarks/bool_comb/cox/inter_unsat-100-rhs.mata;0.14; 0.0583898; 0.00860751; 0.0916;0.31;0.1248626; 0.1728096000; 0.0001446000; 0.0001460000; True;0.11; 0.105902; 0.0173866; 0.0435763; 0.0222976; 1.29e-06; true;0.21; 0.131194; 0.0334982;0.00258784; 0.0887117; 0.0887794; 2.479e-06; true;0.16; 0.0565994; 0.016191;0.000502338; 0.0365535; 0.0570263; 0.000852726; true;1.38; 0.0597; 0.0000; 0.0687; 0.0179; 0.0000; True;TO;TO;TO;1.63;0.063431849; 0.166256588; 4.3073E-5; true
/home/experiments/nfa-bench/benchmarks/bool_comb/cox/inter_unsat-1000-lhs.mata,/home/experiments/nfa-bench/benchmarks/bool_comb/cox/inter_unsat-1000-rhs.mata;21.14; 0.662529; 0.0998153; 20.3649;30.24;0.1624126; 31.5041687000; 0.0000850000; 0.0001370000; True;11.71; 0.435998; 0.086363; 9.97803; 2.52219; 1.009e-06; true;16.45; 0.569755; 0.100721;0.036989; 10.0116; 7.07998; 1.9e-06; true;16.09; 0.532521; 0.109847;0.00496547; 6.75945; 8.99433; 0.0267001; true;17.55; 0.6182; 0.0000; 14.4587; 4.2610; 0.0000; True;TO;TO;TO;41.72;0.16262091; 17.937870472; 3.3643E-5; true
/home/experiments/nfa-bench/benchmarks/bool_comb/cox/inter_unsat-150-lhs.mata,/home/experiments/nfa-bench/benchmarks/bool_comb/cox/inter_unsat-150-rhs.mata;0.28; 0.0551913; 0.0112252; 0.2442;0.34;0.0555065; 0.2376301000; 0.0000690000; 0.0001689000; True;0.19; 0.0531696; 0.0148856; 0.10586; 0.107354; 1.963e-06; true;0.41; 0.0837187; 0.0138187;0.00778634; 0.193589; 0.192798; 2.633e-06; true;0.29; 0.0659719; 0.016256;0.00041734; 0.071082; 0.131602; 0.0018112; true;1.44; 0.1123; 0.0000; 0.1578; 0.0436; 0.0000; True;TO;TO;TO;2.24;0.065596889; 0.4059688; 4.5477E-5; true
/home/experiments/nfa-bench/benchmarks/bool_comb/cox/inter_unsat-200-lhs.mata,/home/experiments/nfa-bench/benchmarks/bool_comb/cox/inter_unsat-200-rhs.mata;0.54; 0.138703; 0.0196421; 0.4159;0.72;0.1010485; 0.6236265000; 0.0000908000; 0.0001343000; True;0.34; 0.099716; 0.0262825; 0.212323; 0.0884258; 1.226e-06; true;0.68; 0.120748; 0.0293592;0.00566468; 0.2872; 0.340473; 2.061e-06; true;0.58; 0.10136; 0.0232924;0.0009422440000000001; 0.145396; 0.347899; 0.00420731; true;1.82; 0.1484; 0.0000; 0.3394; 0.0875; 0.0000; True;TO;TO;TO;3.13;0.082888715; 0.682318737; 2.5582E-5; true
/home/experiments/nfa-bench/benchmarks/bool_comb/cox/inter_unsat-250-lhs.mata,/home/experiments/nfa-bench/benchmarks/bool_comb/cox/inter_unsat-250-rhs.mata;0.73; 0.117309; 0.0315567; 0.6902;1.13;0.11654489999999999; 1.0326074000; 0.0000899000; 0.0001530000; True;0.62; 0.157786; 0.0365726; 0.431613; 0.12998; 1.812e-06; true;1.41; 0.153698; 0.0341892;0.00792458; 0.712614; 0.703486; 2.883e-06; true;1.16; 0.153057; 0.0323438;0.001383814; 0.399259; 0.650442; 0.00797184; true;2.01; 0.2044; 0.0000; 0.5384; 0.1323; 0.0000; True;TO;TO;TO;3.55;0.060481954000000004; 1.095898396; 3.6434E-5; true
/home/experiments/nfa-bench/benchmarks/bool_comb/cox/inter_unsat-300-lhs.mata,/home/experiments/nfa-bench/benchmarks/bool_comb/cox/inter_unsat-300-rhs.mata;1.38; 0.176661; 0.0294942; 1.1945;1.4;0.13008979999999998; 1.1964723000; 0.0000848000; 0.0001349000; True;0.89; 0.121446; 0.026979; 0.609987; 0.234456; 1.529e-06; true;1.87; 0.191457; 0.0396833;0.0091845; 0.874865; 0.88577; 3.464e-06; true;1.24; 0.187949; 0.0675281;0.0016737710000000001; 0.405278; 0.601989; 0.00903844; true;2.61; 0.2354; 0.0000; 0.9531; 0.2400; 0.0000; True;TO;TO;TO;5.0;0.114290241; 1.606368867; 5.5034E-5; true
/home/experiments/nfa-bench/benchmarks/bool_comb/cox/inter_unsat-350-lhs.mata,/home/experiments/nfa-bench/benchmarks/bool_comb/cox/inter_unsat-350-rhs.mata;2.26; 0.311558; 0.0274724; 2.0713;2.33;0.1413384; 2.2167542000; 0.0000695000; 0.0001119000; True;1.41; 0.210597; 0.0452206; 1.03428; 0.315875; 1.246e-06; true;2.6; 0.192647; 0.0433132;0.0093107; 1.20886; 1.33562; 3.287e-06; true;1.79; 0.119936; 0.027123;0.000999022; 0.503716; 1.11832; 0.0142595; true;2.49; 0.1624; 0.0000; 1.0204; 0.3372; 0.0000; True;TO;TO;TO;5.74;0.075872778; 2.293416562; 3.889E-5; true
/home/experiments/nfa-bench/benchmarks/bool_comb/cox/inter_unsat-400-lhs.mata,/home/experiments/nfa-bench/benchmarks/bool_comb/cox/inter_unsat-400-rhs.mata;2.55; 0.218754; 0.0385141; 2.3874;3.23;0.1615887; 3.1489907000; 0.0000963000; 0.0001725000; True;1.73; 0.2451; 0.0686989; 1.31439; 0.48328; 1.426e-06; true;3.15; 0.241167; 0.0507415;0.01176427; 1.56597; 1.47364; 3.769e-06; true;2.84; 0.252641; 0.0510997;0.0022534599999999997; 1.11566; 1.47036; 0.0163332; true;3.62; 0.3430; 0.0000; 1.6300; 0.5418; 0.0000; True;TO;TO;TO;7.3;0.082565; 2.942440654; 2.6771E-5; true
/home/experiments/nfa-bench/benchmarks/bool_comb/cox/inter_unsat-450-lhs.mata,/home/experiments/nfa-bench/benchmarks/bool_comb/cox/inter_unsat-450-rhs.mata;3.68; 0.29847; 0.0396598; 3.5510;3.66;0.1673323; 3.8122673000; 0.0001193000; 0.0001636000; True;2.1; 0.264437; 0.0561031; 1.58288; 0.443401; 1.296e-06; true;3.97; 0.163039; 0.0341191;0.00854813; 1.92219; 2.09698; 2.758e-06; true;3.58; 0.281189; 0.0535447;0.00273779; 1.46568; 1.83573; 0.0237194; true;3.77; 0.2241; 0.0000; 1.8823; 0.8054; 0.0000; True;TO;TO;TO;9.4;0.085851512; 3.854658223; 3.3405E-5; true
/home/experiments/nfa-bench/benchmarks/bool_comb/cox/inter_unsat-50-lhs.mata,/home/experiments/nfa-bench/benchmarks/bool_comb/cox/inter_unsat-50-rhs.mata;0.05; 0.0376049; 0.00435063; 0.0163;0.18;0.0768486; 0.0510593000; 0.0000882000; 0.0001442000; True;0.04; 0.0281354; 0.0106757; 0.00911747; 0.00501989; 1.498e-06; true;0.07; 0.0284085; 0.011255;0.001411744; 0.0154407; 0.0181423; 2.703e-06; true;0.06; 0.0287879; 0.0107145;0.00028793899999999997; 0.00792373; 0.013118; 0.000204392; true;1.54; 0.0509; 0.0000; 0.0170; 0.0034; 0.0000; True;TO;TO;TO;1.24;0.038219095; 0.056141023; 3.8036E-5; true
/home/experiments/nfa-bench/benchmarks/bool_comb/cox/inter_unsat-500-lhs.mata,/home/experiments/nfa-bench/benchmarks/bool_comb/cox/inter_unsat-500-rhs.mata;4.32; 0.299315; 0.0464284; 4.0760;5.24;0.18158180000000002; 5.1972212000; 0.0000941000; 0.0001572000; True;2.95; 0.306193; 0.0625018; 2.30118; 0.718295; 1.545e-06; true;4.08; 0.268219; 0.0486603;0.01646935; 2.31898; 1.75424; 2.239e-06; true;5.05; 0.327137; 0.0609071;0.00315181; 1.97635; 2.70064; 0.0280132; true;4.61; 0.2710; 0.0000; 2.7887; 0.8972; 0.0000; True;TO;TO;TO;10.41;0.106710764; 4.40633079; 2.7037E-5; true
/home/experiments/nfa-bench/benchmarks/bool_comb/cox/inter_unsat-550-lhs.mata,/home/experiments/nfa-bench/benchmarks/bool_comb/cox/inter_unsat-550-rhs.mata;4.88; 0.39227; 0.0493561; 4.7594;5.88;0.2076991; 6.0626767000; 0.0000882000; 0.0001465000; True;3.09; 0.303298; 0.0596999; 2.47762; 0.699692; 1.103e-06; true;6.12; 0.361273; 0.0641048;0.0219455; 3.74433; 2.48046; 4.038e-06; true;5.79; 0.382497; 0.0701256;0.0034729; 2.44178; 2.98536; 0.0282682; true;4.39; 0.2569; 0.0000; 2.5959; 0.9253; 0.0000; True;TO;TO;TO;12.7;0.100344827; 5.127348405; 4.218E-5; true
/home/experiments/nfa-bench/benchmarks/bool_comb/cox/inter_unsat-600-lhs.mata,/home/experiments/nfa-bench/benchmarks/bool_comb/cox/inter_unsat-600-rhs.mata;6.67; 0.389579; 0.0503139; 6.7132;8.64;0.2187098; 8.9725328000; 0.0001382000; 0.0001967000; True;4.67; 0.393374; 0.0675988; 3.61592; 1.07876; 1.559e-06; true;8.47; 0.380734; 0.07929;0.023136900000000002; 4.75301; 3.80139; 3.801e-06; true;7.17; 0.418931; 0.0723958;0.00369134; 2.79489; 3.86837; 0.0272564; true;7.22; 0.4560; 0.0000; 4.7827; 1.1869; 0.0000; True;TO;TO;TO;14.18;0.099804904; 5.738132128; 5.452E-5; true
/home/experiments/nfa-bench/benchmarks/bool_comb/cox/inter_unsat-650-lhs.mata,/home/experiments/nfa-bench/benchmarks/bool_comb/cox/inter_unsat-650-rhs.mata;8.38; 0.338363; 0.0554022; 8.5053;10.3;0.2527239; 10.6243711000; 0.0000926000; 0.0001478000; True;4.42; 0.240246; 0.0535303; 3.65831; 0.921288; 1.211e-06; true;9.34; 0.409939; 0.0814433;0.0250876; 5.45978; 4.04812; 1.993e-06; true;7.53; 0.263762; 0.0645448;0.00212397; 2.84206; 4.34617; 0.0301905; true;6.66; 0.3060; 0.0000; 4.2663; 1.4591; 0.0000; True;TO;TO;TO;18.42;0.136024447; 7.979098588; 2.9416E-5; true
/home/experiments/nfa-bench/benchmarks/bool_comb/cox/inter_unsat-700-lhs.mata,/home/experiments/nfa-bench/benchmarks/bool_comb/cox/inter_unsat-700-rhs.mata;9.03; 0.56422; 0.136563; 9.2102;10.8;0.29721390000000003; 11.4058084000; 0.0001009000; 0.0001486000; True;5.13; 0.247677; 0.0557135; 4.41692; 1.13787; 1.327e-06; true;8.83; 0.428749; 0.0878671;0.0266418; 5.16942; 3.74116; 3.204e-06; true;7.32; 0.389399; 0.0762709;0.0038067400000000003; 2.73553; 4.05772; 0.0276901; true;7.79; 0.3102; 0.0000; 5.4533; 1.6853; 0.0000; True;TO;TO;TO;20.09;0.10315728599999999; 8.607420349; 2.2058E-5; true
/home/experiments/nfa-bench/benchmarks/bool_comb/cox/inter_unsat-750-lhs.mata,/home/experiments/nfa-bench/benchmarks/bool_comb/cox/inter_unsat-750-rhs.mata;10.93; 0.451031; 0.072258; 11.7148;13.94;0.17623640000000002; 14.7183777000; 0.0000958000; 0.0001528000; True;6.77; 0.258565; 0.0504531; 6.00729; 1.35905; 1.653e-06; true;9.7; 0.491988; 0.0715268;0.024200100000000002; 5.58012; 4.15986; 3.137e-06; true;11.75; 0.469448; 0.0767042;0.00427209; 4.43941; 6.64882; 0.0365902; true;10.78; 0.6437; 0.0000; 7.7006; 2.1501; 0.0000; True;TO;TO;TO;22.42;0.148236403; 9.983223117; 4.6249E-5; true
/home/experiments/nfa-bench/benchmarks/bool_comb/cox/inter_unsat-800-lhs.mata,/home/experiments/nfa-bench/benchmarks/bool_comb/cox/inter_unsat-800-rhs.mata;12.17; 0.518745; 0.0878713; 12.0642;15.57;0.2057578; 15.7273447000; 0.0001556000; 0.0002167000; True;8.36; 0.270301; 0.0586045; 7.03982; 1.87868; 1.39e-06; true;13.56; 0.496149; 0.0938981;0.0286461; 7.33067; 5.36832; 2.436e-06; true;12.81; 0.458674; 0.0964787;0.004237390000000001; 4.80898; 7.3617; 0.0287752; true;12.27; 0.6043; 0.0000; 9.0767; 2.3951; 0.0000; True;TO;TO;TO;28.45;0.246861332; 12.158298; 5.0469E-5; true
/home/experiments/nfa-bench/benchmarks/bool_comb/cox/inter_unsat-850-lhs.mata,/home/experiments/nfa-bench/benchmarks/bool_comb/cox/inter_unsat-850-rhs.mata;15.85; 0.677936; 0.0921138; 15.6089;18.03;0.2335881; 18.6665726000; 0.0000655000; 0.0001069000; True;8.37; 0.333496; 0.0630506; 6.74915; 1.96386; 1.603e-06; true;15.44; 0.458121; 0.0763076;0.01701415; 9.92593; 4.90054; 2.101e-06; true;14.96; 0.525043; 0.0984775;0.00533202; 6.0549; 8.11036; 0.0352778; true;12.21; 0.3756; 0.0000; 9.1208; 2.6873; 0.0000; True;TO;TO;TO;30.37;0.12964224000000002; 13.407361885; 4.7477E-5; true
/home/experiments/nfa-bench/benchmarks/bool_comb/cox/inter_unsat-900-lhs.mata,/home/experiments/nfa-bench/benchmarks/bool_comb/cox/inter_unsat-900-rhs.mata;17.27; 0.557857; 0.100724; 17.5731;22.34;0.25563060000000004; 23.0659833000; 0.0000769000; 0.0001207000; True;12.05; 0.60589; 0.109045; 9.73367; 2.91068; 1.554e-06; true;15.42; 0.321066; 0.0647245;0.01849883; 9.51686; 6.47435; 2.681e-06; true;15.42; 0.548664; 0.100887;0.00560534; 5.00429; 9.28125; 0.0384795; true;15.43; 0.6217; 0.0000; 11.5459; 3.1604; 0.0000; True;TO;TO;TO;33.43;0.11888252700000002; 15.382582418; 2.7523E-5; true
/home/experiments/nfa-bench/benchmarks/bool_comb/cox/inter_unsat-950-lhs.mata,/home/experiments/nfa-bench/benchmarks/bool_comb/cox/inter_unsat-950-rhs.mata;18.73; 0.536609; 0.0809421; 19.8641;27.06;0.3132227; 29.0246955000; 0.0001303000; 0.0001913000; True;11.54; 0.512035; 0.0921974; 9.31682; 2.75917; 1.801e-06; true;18.5; 0.37925; 0.0822825;0.0216271; 10.0224; 9.05998; 2e-06; true;14.75; 0.415038; 0.0896388;0.00429899; 5.49869; 8.06893; 0.0367114; true;16.9; 0.6647; 0.0000; 12.9961; 3.5044; 0.0000; True;TO;TO;TO;37.03;0.202078987; 13.860993944; 3.8111E-5; true
