name;automata-runtime;automata-construction;automata-trim;automata-uni;automata-emptiness_check;automata-emptiness_result;automata-interpretation;automata-overall;mata-runtime;mata-mataparsing;mata-mataminterm;mata-uni;mata-trim;mata-emptiness_check;mata-emptiness_check_result;mata-overall;mata-sim-runtime;mata-sim-mataparsing;mata-sim-mataminterm;mata-sim-uni;mata-sim-trim;mata-sim-emptiness_check;mata-sim-emptiness_check_result;mata-sim-overall;mata-old-runtime;mata-old-mataparsing;mata-old-mataminterm;mata-old-uni;mata-old-trim;mata-old-emptiness_check;mata-old-emptiness_check_result;mata-old-overall;vata-runtime;vata-mataparsing;vata-mataminterm;vata-construction;vata-uni;vata-trim;vata-emptiness_check;vata-emptiness_check_result;vata-overall;awali-runtime;awali-mataparsing;awali-mataminterm;awali-construction;awali-uni;awali-trim;awali-emptiness_check;awali-emptiness_check_result;awali-overall;mona-runtime;pymata-runtime;pymata-construction;pymata-conversion;pymata-union;pymata-trimming;pymata-emptiness;pymata-result;pymata-interpretation;pymata-overall;pyfado-runtime;pyfado-construction;pyfado-conversion;pyfado-union;pyfado-trim;pyfado-emptiness;pyfado-result;pyfado-interpretation;pyfado-overall;pyautomata-lib-runtime;java-automatalib-runtime;java-brics-runtime;java-brics-construction;java-brics-uni;java-brics-emptiness_check;java-brics-emptiness_result;java-brics-interpretation;java-brics-overall
/home/experiments/nfa-bench/benchmarks/bool_comb/cox/diff_sat-50-lhs.mata,/home/experiments/nfa-bench/benchmarks/bool_comb/cox/diff_sat-50-rhs.mata;0.1;0.0420506;0.025999599999999998; 0.0142939000; 0.0001882000; False; 0.0455555000; 0.1484776000;0.01; 0.013019; 0.007473; 4.5e-05; 4.7e-05; 1.6e-05; false; 0.022918;0.02; 0.014832; 0.007764; 7e-05; 5.5e-05; 1.1e-05; false; 0.024473;0.01; 0.014097; 0.007383; 3.7e-05; 3.1e-05; 1.2e-05; false; 0.023433;0.02; 0.014908; 0.007213;0.00087; 0.000184; 0.000195; 0.00016; false; 0.025087;0.02; 0.014681; 0.007211;0.00017; 0.000637; 0.000742; 0.000281; false; 0.025995;ERR;0.96; 0.0244; 0.0000; 0.0002; 0.0000; 0.0001; False; 0.0004; 0.0249;0.92; 0.0274; 0.0019; 0.0039; 0.0004; 0.0011; False; 0.0054; 0.0349;TO;TO;0.91;0.027540784; 0.002175569; 2.6018E-5; false; 0.008860322; 0.153045148
/home/experiments/nfa-bench/benchmarks/bool_comb/cox/diff_sat-100-lhs.mata,/home/experiments/nfa-bench/benchmarks/bool_comb/cox/diff_sat-100-rhs.mata;0.1;0.05191130000000001;0.0060494; 0.0062253000; 0.0001407000; False; 0.0144202000; 0.0989428000;0.05; 0.037831; 0.015366; 0.000122; 0.000139; 3.4e-05; false; 0.055873;0.04; 0.035036; 0.009312; 6.4e-05; 5.4e-05; 2e-05; false; 0.045937;0.03; 0.027096; 0.008949; 6.5e-05; 4.4e-05; 2e-05; false; 0.037525;0.06; 0.05189; 0.015745;0.002886; 0.000697; 0.000661; 0.00062; false; 0.075057;0.07; 0.053387; 0.016388;0.000547; 0.000978; 0.001368; 0.000908; false; 0.076558;ERR;1.15; 0.0539; 0.0000; 0.0011; 0.0003; 0.0002; False; 0.0017; 0.0561;0.98; 0.0477; 0.0041; 0.0133; 0.0006; 0.0031; False; 0.0171; 0.0692;TO;TO;1.08;0.029804908; 0.002269577; 2.4676E-5; false; 0.009794887; 0.141578024
/home/experiments/nfa-bench/benchmarks/bool_comb/cox/diff_sat-1000-lhs.mata,/home/experiments/nfa-bench/benchmarks/bool_comb/cox/diff_sat-1000-rhs.mata;0.27;0.20746799999999999;0.0107937; 0.0119391000; 0.0002655000; False; 0.0265732000; 0.2848014000;0.37; 0.316053; 0.083954; 0.000883; 0.000737; 0.000119; false; 0.414327;0.36; 0.29912; 0.087988; 0.000592; 0.000667; 0.000112; false; 0.402474;0.36; 0.304258; 0.085252; 0.000587; 0.00071; 0.000112; false; 0.403458;0.44; 0.293501; 0.08698;0.026887; 0.009775; 0.014596; 0.016786; false; 0.460668;0.5; 0.385735; 0.116223;0.003199; 0.003285; 0.006731; 0.006757; false; 0.53704;ERR;1.42; 0.4482; 0.0000; 0.0049; 0.0030; 0.0029; False; 0.0109; 0.4608;3.26; 0.4848; 0.2973; 1.2788; 0.0132; 0.3409; False; 1.6330; 2.4166;TO;TO;2.17;0.12986479; 0.014840707; 3.6157E-5; false; 0.023011536; 0.336952667
/home/experiments/nfa-bench/benchmarks/bool_comb/cox/diff_sat-150-lhs.mata,/home/experiments/nfa-bench/benchmarks/bool_comb/cox/diff_sat-150-rhs.mata;0.09;0.0521661;0.0058033; 0.0047351000; 0.0001390000; False; 0.0135298000; 0.1034067000;0.05; 0.043435; 0.014485; 0.000105; 8.2e-05; 2.9e-05; false; 0.060453;0.07; 0.061889; 0.015264; 9.1e-05; 8.6e-05; 3.3e-05; false; 0.079704;0.05; 0.054198; 0.013844; 0.000106; 6.4e-05; 2.8e-05; false; 0.070225;0.05; 0.043607; 0.015854;0.002502; 0.000695; 0.00061; 0.000584; false; 0.066327;0.06; 0.059373; 0.014366;0.000451; 0.000821; 0.001268; 0.000753; false; 0.079989;ERR;1.1; 0.0777; 0.0000; 0.0007; 0.0002; 0.0002; False; 0.0012; 0.0792;1.04; 0.0709; 0.0083; 0.0290; 0.0010; 0.0067; False; 0.0368; 0.1163;TO;TO;1.27;0.032523934000000004; 0.003364171; 2.5466E-5; false; 0.010406685; 0.153203778
/home/experiments/nfa-bench/benchmarks/bool_comb/cox/diff_sat-200-lhs.mata,/home/experiments/nfa-bench/benchmarks/bool_comb/cox/diff_sat-200-rhs.mata;0.11;0.057103100000000004;0.006025099999999999; 0.0060947000; 0.0002126000; False; 0.0149888000; 0.1143791000;0.08; 0.07131; 0.020343; 0.000147; 0.000135; 4.1e-05; false; 0.095258;0.07; 0.062177; 0.019221; 0.000123; 0.000116; 3.8e-05; false; 0.084433;0.06; 0.055404; 0.016642; 0.000119; 9e-05; 3.8e-05; false; 0.07456;0.13; 0.107585; 0.028083;0.00573; 0.001476; 0.001434; 0.001353; false; 0.149523;0.13; 0.107835; 0.030203;0.00113; 0.001687; 0.002458; 0.00177; false; 0.150606;ERR;0.97; 0.0898; 0.0000; 0.0007; 0.0003; 0.0003; False; 0.0013; 0.0915;1.01; 0.0878; 0.0141; 0.0501; 0.0013; 0.0120; False; 0.0634; 0.1656;TO;TO;1.28;0.03240495; 0.00320476; 3.8251E-5; false; 0.010918661; 0.174539204
/home/experiments/nfa-bench/benchmarks/bool_comb/cox/diff_sat-250-lhs.mata,/home/experiments/nfa-bench/benchmarks/bool_comb/cox/diff_sat-250-rhs.mata;0.13;0.0749177;0.0060566; 0.0051172000; 0.0001336000; False; 0.0140088000; 0.1417424000;0.09; 0.084063; 0.023169; 0.00015; 0.000117; 4.6e-05; false; 0.11075;0.08; 0.073116; 0.023174; 0.000145; 0.00014; 4.7e-05; false; 0.099628;0.11; 0.098036; 0.026697; 0.000147; 0.00013; 4.8e-05; false; 0.128322;0.16; 0.130335; 0.031904;0.004047; 0.001089; 0.000862; 0.000905; false; 0.171964;0.09; 0.072558; 0.023054;0.0007559999999999999; 0.001041; 0.001663; 0.001251; false; 0.103936;ERR;1.02; 0.1075; 0.0000; 0.0011; 0.0003; 0.0004; False; 0.0018; 0.1096;1.14; 0.1080; 0.0203; 0.0771; 0.0022; 0.0178; False; 0.0973; 0.2260;TO;TO;1.28;0.044083733; 0.004290428; 3.632E-5; false; 0.012259889; 0.186856236
/home/experiments/nfa-bench/benchmarks/bool_comb/cox/diff_sat-300-lhs.mata,/home/experiments/nfa-bench/benchmarks/bool_comb/cox/diff_sat-300-rhs.mata;0.12;0.0673696;0.006198899999999999; 0.0065993000; 0.0002329000; False; 0.0156846000; 0.1213715000;0.11; 0.098336; 0.026294; 0.000183; 0.000148; 5.9e-05; false; 0.128689;0.1; 0.084937; 0.02675; 0.00017; 0.000155; 5.9e-05; false; 0.115544;0.1; 0.08543; 0.026672; 0.000174; 0.000142; 7.1e-05; false; 0.115944;0.15; 0.131549; 0.027267;0.004973; 0.001419; 0.001223; 0.001232; false; 0.170832;0.11; 0.084875; 0.02597;0.001205; 0.002279; 0.003748; 0.002907; false; 0.124877;ERR;1.03; 0.1411; 0.0000; 0.0018; 0.0006; 0.0007; False; 0.0032; 0.1446;1.18; 0.1354; 0.0285; 0.1118; 0.0020; 0.0252; False; 0.1391; 0.3035;TO;TO;1.46;0.07813611000000001; 0.004658738; 2.7389E-5; false; 0.010487265; 0.259294198
/home/experiments/nfa-bench/benchmarks/bool_comb/cox/diff_sat-350-lhs.mata,/home/experiments/nfa-bench/benchmarks/bool_comb/cox/diff_sat-350-rhs.mata;0.12;0.0765071;0.0068736000000000005; 0.0056627000; 0.0001885000; False; 0.0156960000; 0.1335079000;0.14; 0.120904; 0.038038; 0.000204; 0.000193; 6.8e-05; false; 0.163941;0.15; 0.140288; 0.031845; 0.000197; 0.000177; 6.7e-05; false; 0.17661;0.15; 0.119569; 0.03897; 0.000211; 0.000171; 6.8e-05; false; 0.163254;0.13; 0.108536; 0.030067;0.005855; 0.001607; 0.001411; 0.001464; false; 0.15245;0.15; 0.114616; 0.033296;0.001051; 0.001334; 0.002343; 0.001783; false; 0.158863;ERR;1.02; 0.1814; 0.0000; 0.0013; 0.0005; 0.0005; False; 0.0024; 0.1841;1.33; 0.1547; 0.0377; 0.1649; 0.0045; 0.0406; False; 0.2101; 0.4031;TO;TO;1.43;0.042838957999999996; 0.004617617; 2.5743E-5; false; 0.016315689; 0.195353091
/home/experiments/nfa-bench/benchmarks/bool_comb/cox/diff_sat-400-lhs.mata,/home/experiments/nfa-bench/benchmarks/bool_comb/cox/diff_sat-400-rhs.mata;0.13;0.080002;0.0085243; 0.0055180000; 0.0002625000; False; 0.0169324000; 0.1352034000;0.14; 0.125029; 0.034457; 0.000226; 0.00023; 7.6e-05; false; 0.164447;0.15; 0.131826; 0.03529; 0.000234; 0.000223; 7.6e-05; false; 0.172092;0.14; 0.120604; 0.036603; 0.000242; 0.000234; 7.6e-05; false; 0.162392;0.16; 0.127802; 0.035442;0.007207; 0.002012; 0.002193; 0.002142; false; 0.180746;0.17; 0.136965; 0.038363;0.001318; 0.001532; 0.002767; 0.002191; false; 0.18811;ERR;1.26; 0.2178; 0.0000; 0.0017; 0.0007; 0.0007; False; 0.0032; 0.2215;1.47; 0.1810; 0.0494; 0.1983; 0.0030; 0.0451; False; 0.2464; 0.4774;TO;TO;1.54;0.06465332; 0.005788563; 3.1681E-5; false; 0.01363444; 0.219960642
/home/experiments/nfa-bench/benchmarks/bool_comb/cox/diff_sat-450-lhs.mata,/home/experiments/nfa-bench/benchmarks/bool_comb/cox/diff_sat-450-rhs.mata;0.17;0.1250895;0.0066556; 0.0060337000; 0.0001646000; False; 0.0155999000; 0.1828723000;0.15; 0.132094; 0.038379; 0.000255; 0.000251; 8.8e-05; false; 0.176326;0.18; 0.147032; 0.041191; 0.000286; 0.000452; 0.000104; false; 0.195676;0.17; 0.145281; 0.040779; 0.000534; 0.000415; 0.00014; false; 0.19559;0.17; 0.130769; 0.038524;0.00821; 0.002227; 0.002761; 0.002795; false; 0.189893;0.18; 0.158432; 0.040864;0.001408; 0.001689; 0.002969; 0.002386; false; 0.21299;ERR;1.1; 0.2013; 0.0000; 0.0026; 0.0010; 0.0011; False; 0.0048; 0.2071;1.45; 0.1960; 0.0723; 0.2459; 0.0031; 0.0568; False; 0.3059; 0.5748;TO;TO;1.58;0.07076089699999999; 0.006749585; 5.6225E-5; false; 0.015470267; 0.227746498
/home/experiments/nfa-bench/benchmarks/bool_comb/cox/diff_sat-500-lhs.mata,/home/experiments/nfa-bench/benchmarks/bool_comb/cox/diff_sat-500-rhs.mata;0.17;0.1342799;0.0075364; 0.0087657000; 0.0002724000; False; 0.0196144000; 0.1928609000;0.21; 0.157174; 0.062167; 0.0006; 0.000462; 0.000138; false; 0.230022;0.18; 0.156395; 0.045049; 0.000285; 0.00027; 9.5e-05; false; 0.207914;0.19; 0.159742; 0.047659; 0.000313; 0.000469; 0.000102; false; 0.215564;0.23; 0.159724; 0.059081;0.009276; 0.002574; 0.003884; 0.004049; false; 0.244018;0.21; 0.171877; 0.050154;0.001653; 0.001777; 0.00337; 0.002839; false; 0.23802;ERR;1.07; 0.2107; 0.0000; 0.0017; 0.0008; 0.0008; False; 0.0033; 0.2147;1.59; 0.2267; 0.0754; 0.3027; 0.0037; 0.0693; False; 0.3758; 0.6785;TO;TO;1.58;0.069619364; 0.006572462; 4.1675E-5; false; 0.014382808; 0.280979233
/home/experiments/nfa-bench/benchmarks/bool_comb/cox/diff_sat-550-lhs.mata,/home/experiments/nfa-bench/benchmarks/bool_comb/cox/diff_sat-550-rhs.mata;0.15;0.0978636;0.0070501; 0.0062353000; 0.0002329000; False; 0.0163053000; 0.1514979000;0.21; 0.179987; 0.052134; 0.000324; 0.000397; 6.6e-05; false; 0.240027;0.25; 0.194403; 0.06638; 0.000325; 0.000414; 8.7e-05; false; 0.268992;0.21; 0.169656; 0.06048; 0.000324; 0.000441; 6.8e-05; false; 0.238132;0.26; 0.184798; 0.064678;0.011444; 0.003458; 0.005344; 0.005688; false; 0.282;0.23; 0.199933; 0.050329;0.001829; 0.001829; 0.003468; 0.002993; false; 0.266862;ERR;1.21; 0.2611; 0.0000; 0.0019; 0.0010; 0.0008; False; 0.0037; 0.2657;1.64; 0.2455; 0.0900; 0.3920; 0.0039; 0.0860; False; 0.4819; 0.8181;TO;TO;1.65;0.132262721; 0.007267511; 3.1949E-5; false; 0.015459236; 0.26930038
/home/experiments/nfa-bench/benchmarks/bool_comb/cox/diff_sat-600-lhs.mata,/home/experiments/nfa-bench/benchmarks/bool_comb/cox/diff_sat-600-rhs.mata;0.17;0.10739380000000001;0.0072999; 0.0100446000; 0.0002462000; False; 0.0207521000; 0.1756439000;0.22; 0.183615; 0.052644; 0.000354; 0.000382; 6.5e-05; false; 0.244437;0.25; 0.216293; 0.048556; 0.000358; 0.000385; 6.7e-05; false; 0.272666;0.21; 0.173482; 0.051618; 0.000359; 0.000556; 6.9e-05; false; 0.234447;0.28; 0.175969; 0.068414;0.021778; 0.006746; 0.009956; 0.011412; false; 0.301862;0.25; 0.196692; 0.055393;0.001918; 0.001969; 0.00385; 0.003423; false; 0.270143;ERR;1.15; 0.2703; 0.0000; 0.0019; 0.0010; 0.0010; False; 0.0039; 0.2751;1.82; 0.2623; 0.1184; 0.4377; 0.0075; 0.1088; False; 0.5541; 0.9357;TO;TO;1.76;0.079013572; 0.009180536; 4.4651E-5; false; 0.017736046; 0.256879641
/home/experiments/nfa-bench/benchmarks/bool_comb/cox/diff_sat-650-lhs.mata,/home/experiments/nfa-bench/benchmarks/bool_comb/cox/diff_sat-650-rhs.mata;0.17;0.1393694;0.0075412000000000005; 0.0065976000; 0.0002572000; False; 0.0173050000; 0.1987774000;0.25; 0.215054; 0.061349; 0.000397; 0.000698; 9.7e-05; false; 0.287344;0.24; 0.195278; 0.061321; 0.000389; 0.000587; 9.4e-05; false; 0.26821;0.27; 0.199316; 0.083746; 0.00041; 0.000824; 9.9e-05; false; 0.29492;0.3; 0.222752; 0.0602;0.01441; 0.004524; 0.007319; 0.008621; false; 0.326757;0.28; 0.225185; 0.066697;0.002009; 0.002009; 0.004178; 0.003617; false; 0.311246;ERR;1.18; 0.2912; 0.0000; 0.0022; 0.0011; 0.0011; False; 0.0045; 0.2966;1.95; 0.2948; 0.1244; 0.5241; 0.0050; 0.1225; False; 0.6517; 1.0718;TO;TO;1.8;0.082506858; 0.009173314; 2.9898E-5; false; 0.017716; 0.234646688
/home/experiments/nfa-bench/benchmarks/bool_comb/cox/diff_sat-700-lhs.mata,/home/experiments/nfa-bench/benchmarks/bool_comb/cox/diff_sat-700-rhs.mata;0.18;0.1329512;0.012461199999999999; 0.0074232000; 0.0002668000; False; 0.0236469000; 0.1966240000;0.25; 0.202704; 0.070711; 0.000441; 0.000737; 0.000103; false; 0.285971;0.29; 0.248533; 0.057391; 0.000395; 0.000473; 8.3e-05; false; 0.315482;0.26; 0.203445; 0.067803; 0.00042; 0.000591; 0.000105; false; 0.281945;0.31; 0.204918; 0.07058;0.025258; 0.006853; 0.009486; 0.01049; false; 0.339947;0.25; 0.205498; 0.061032;0.002248; 0.00224; 0.004582; 0.004099; false; 0.288162;ERR;1.19; 0.3010; 0.0000; 0.0023; 0.0013; 0.0012; False; 0.0049; 0.3072;2.05; 0.3020; 0.1447; 0.6004; 0.0047; 0.1530; False; 0.7582; 1.2059;TO;TO;1.95;0.084052354; 0.024020457; 4.1734E-5; false; 0.033446371; 0.268265026
/home/experiments/nfa-bench/benchmarks/bool_comb/cox/diff_sat-750-lhs.mata,/home/experiments/nfa-bench/benchmarks/bool_comb/cox/diff_sat-750-rhs.mata;0.17;0.1479455;0.007849400000000001; 0.0071114000; 0.0002584000; False; 0.0184501000; 0.2071865000;0.27; 0.229349; 0.063772; 0.000445; 0.000573; 9.9e-05; false; 0.303811;0.31; 0.257192; 0.067219; 0.000969; 0.001203; 0.000172; false; 0.344638;0.27; 0.225911; 0.067251; 0.000434; 0.000571; 9.6e-05; false; 0.303725;0.31; 0.237591; 0.06157;0.014270000000000001; 0.004832; 0.006457; 0.005826; false; 0.338134;0.32; 0.241708; 0.072367;0.004893; 0.005466; 0.009281; 0.008986; false; 0.355732;ERR;1.41; 0.3575; 0.0000; 0.0039; 0.0020; 0.0017; False; 0.0077; 0.3663;2.26; 0.3455; 0.1674; 0.7117; 0.0057; 0.1756; False; 0.8930; 1.4068;TO;TO;1.91;0.079626618; 0.010992135; 4.9574E-5; false; 0.020279595; 0.246121675
/home/experiments/nfa-bench/benchmarks/bool_comb/cox/diff_sat-800-lhs.mata,/home/experiments/nfa-bench/benchmarks/bool_comb/cox/diff_sat-800-rhs.mata;0.18;0.12554169999999998;0.007862899999999999; 0.0072082000; 0.0002389000; False; 0.0183628000; 0.1832228000;0.31; 0.256096; 0.071218; 0.000482; 0.000612; 0.000108; false; 0.338965;0.32; 0.251179; 0.085977; 0.000485; 0.000696; 0.00011; false; 0.350022;0.32; 0.253626; 0.083708; 0.000496; 0.000823; 0.00017; false; 0.351557;0.39; 0.284723; 0.093199;0.020358; 0.005927; 0.009965; 0.011219; false; 0.435524;0.35; 0.263891; 0.078746;0.002749; 0.002718; 0.005668; 0.005092; false; 0.369486;ERR;1.38; 0.3826; 0.0000; 0.0028; 0.0019; 0.0017; False; 0.0065; 0.3902;2.45; 0.3614; 0.1908; 0.7874; 0.0066; 0.1862; False; 0.9802; 1.5336;TO;TO;1.91;0.089520464; 0.01232239; 4.1101E-5; false; 0.020865534; 0.301660206
/home/experiments/nfa-bench/benchmarks/bool_comb/cox/diff_sat-850-lhs.mata,/home/experiments/nfa-bench/benchmarks/bool_comb/cox/diff_sat-850-rhs.mata;0.18;0.1406997;0.009272800000000001; 0.0079226000; 0.0002563000; False; 0.0202853000; 0.2005341000;0.34; 0.291868; 0.077831; 0.000519; 0.000626; 0.000122; false; 0.381969;0.34; 0.281008; 0.080423; 0.000499; 0.000675; 0.000109; false; 0.373882;0.32; 0.260977; 0.079107; 0.000533; 0.000701; 0.000134; false; 0.356279;0.36; 0.268426; 0.081764;0.017591; 0.00504; 0.008259; 0.009153; false; 0.39965;0.34; 0.265908; 0.079343;0.002797; 0.002633; 0.00575; 0.005404; false; 0.372458;ERR;1.32; 0.3813; 0.0000; 0.0033; 0.0020; 0.0019; False; 0.0074; 0.3899;2.59; 0.3820; 0.2143; 0.9068; 0.0062; 0.2344; False; 1.1475; 1.7452;TO;TO;1.84;0.090790495; 0.012855159; 2.8234E-5; false; 0.020549623; 0.276469837
/home/experiments/nfa-bench/benchmarks/bool_comb/cox/diff_sat-900-lhs.mata,/home/experiments/nfa-bench/benchmarks/bool_comb/cox/diff_sat-900-rhs.mata;0.22;0.1709404;0.0094649; 0.0097485000; 0.0003070000; False; 0.0227296000; 0.2393641000;0.37; 0.317898; 0.08239; 0.000524; 0.000671; 0.000116; false; 0.413669;0.33; 0.269021; 0.082476; 0.000513; 0.000643; 0.000108; false; 0.36405;0.33; 0.269862; 0.08061; 0.000538; 0.000709; 0.000132; false; 0.365843;0.39; 0.290269; 0.078277;0.017440999999999998; 0.005362; 0.014335; 0.008633; false; 0.424106;0.38; 0.311577; 0.080206;0.0031669999999999997; 0.002644; 0.005548; 0.005542; false; 0.421734;ERR;1.32; 0.4129; 0.0000; 0.0034; 0.0021; 0.0020; False; 0.0076; 0.4218;2.76; 0.3947; 0.2373; 0.9946; 0.0063; 0.2421; False; 1.2432; 1.8773;TO;TO;2.02;0.082858357; 0.011516459; 2.1825E-5; false; 0.019871457; 0.288886894
/home/experiments/nfa-bench/benchmarks/bool_comb/cox/diff_sat-950-lhs.mata,/home/experiments/nfa-bench/benchmarks/bool_comb/cox/diff_sat-950-rhs.mata;0.23;0.1605744;0.009749; 0.0085652000; 0.0002594000; False; 0.0221281000; 0.2370714000;0.36; 0.304273; 0.085879; 0.00069; 0.000769; 0.000151; false; 0.407771;0.36; 0.284981; 0.096787; 0.00057; 0.000795; 0.000128; false; 0.396478;0.34; 0.279965; 0.083883; 0.000594; 0.00078; 0.000128; false; 0.378003;0.41; 0.296575; 0.086052;0.020675; 0.0057; 0.008985; 0.010159; false; 0.439601;0.42; 0.323936; 0.085878;0.0051730000000000005; 0.004978; 0.011164; 0.009507; false; 0.455783;ERR;1.36; 0.4372; 0.0000; 0.0030; 0.0023; 0.0016; False; 0.0070; 0.4463;2.98; 0.4152; 0.2641; 1.1098; 0.0075; 0.2613; False; 1.3787; 2.0593;TO;TO;2.09;0.100879619; 0.015081059; 3.9336E-5; false; 0.02395131; 0.318497097
/home/experiments/nfa-bench/benchmarks/bool_comb/cox/diff_unsat-100-lhs.mata,/home/experiments/nfa-bench/benchmarks/bool_comb/cox/diff_unsat-100-rhs.mata;0.09;0.046734399999999995;0.0056147; 0.0042904000; 0.0001142000; False; 0.0126586000; 0.0953800000;0.04; 0.035708; 0.010045; 6.4e-05; 5e-05; 2.1e-05; false; 0.047603;0.03; 0.028297; 0.00963; 6.4e-05; 4.5e-05; 4.9e-05; false; 0.03971;0.04; 0.044827; 0.009444; 7.1e-05; 4.7e-05; 2e-05; false; 0.055913;0.04; 0.038111; 0.010313;0.001683; 0.000382; 0.000412; 0.000361; false; 0.052879;0.04; 0.029097; 0.01068;0.000291; 0.000689; 0.000888; 0.000486; false; 0.044488;ERR;0.95; 0.0476; 0.0000; 0.0005; 0.0001; 0.0002; False; 0.0008; 0.0487;0.99; 0.0507; 0.0047; 0.0138; 0.0007; 0.0032; False; 0.0178; 0.0735;TO;TO;1.16;0.026097263000000002; 0.00285897; 3.3392E-5; false; 0.010515453; 0.17140121
/home/experiments/nfa-bench/benchmarks/bool_comb/cox/diff_unsat-1000-lhs.mata,/home/experiments/nfa-bench/benchmarks/bool_comb/cox/diff_unsat-1000-rhs.mata;0.22;0.1669196;0.010635; 0.0095697000; 0.0002943000; False; 0.0238594000; 0.2300401000;0.38; 0.321748; 0.091377; 0.000616; 0.000763; 0.000138; false; 0.428026;0.4; 0.338005; 0.089892; 0.000609; 0.000787; 0.000141; false; 0.442541;0.43; 0.370333; 0.092213; 0.0006; 0.00068; 0.000133; false; 0.479166;0.44; 0.316753; 0.095532;0.02331; 0.005905; 0.00886; 0.009893; false; 0.472204;0.41; 0.318221; 0.089665;0.003961; 0.002852; 0.006596; 0.006118; false; 0.439896;ERR;1.37; 0.4775; 0.0000; 0.0041; 0.0032; 0.0027; False; 0.0102; 0.4893;3.24; 0.4467; 0.3338; 1.2525; 0.0135; 0.3167; False; 1.5827; 2.3647;TO;TO;2.38;0.10979964; 0.016003561; 4.3614E-5; false; 0.028230422; 0.31823563
/home/experiments/nfa-bench/benchmarks/bool_comb/cox/diff_unsat-150-lhs.mata,/home/experiments/nfa-bench/benchmarks/bool_comb/cox/diff_unsat-150-rhs.mata;0.1;0.0519207;0.0060159; 0.0048226000; 0.0001245000; False; 0.0136074000; 0.1027463000;0.07; 0.060378; 0.015318; 0.000108; 7.5e-05; 3e-05; false; 0.078195;0.07; 0.063948; 0.014542; 0.000108; 6.9e-05; 2.8e-05; false; 0.080785;0.05; 0.043397; 0.01475; 9.9e-05; 6.9e-05; 2.9e-05; false; 0.060403;0.05; 0.043218; 0.014631;0.002452; 0.00064; 0.000512; 0.00057; false; 0.064032;0.05; 0.044031; 0.014318;0.000858; 0.001524; 0.002026; 0.001322; false; 0.068492;ERR;1.0; 0.0714; 0.0000; 0.0007; 0.0002; 0.0002; False; 0.0012; 0.0729;1.01; 0.0731; 0.0082; 0.0294; 0.0010; 0.0067; False; 0.0371; 0.1188;TO;TO;1.21;0.028110441; 0.002729938; 1.7804E-5; false; 0.00946392; 0.157722219
/home/experiments/nfa-bench/benchmarks/bool_comb/cox/diff_unsat-200-lhs.mata,/home/experiments/nfa-bench/benchmarks/bool_comb/cox/diff_unsat-200-rhs.mata;0.11;0.0609649;0.0065242; 0.0075731000; 0.0003327000; False; 0.0173738000; 0.1184160000;0.08; 0.074818; 0.01965; 0.000125; 9.4e-05; 3.8e-05; false; 0.097408;0.09; 0.072923; 0.028061; 0.000124; 8.8e-05; 3.7e-05; false; 0.103638;0.11; 0.088099; 0.026435; 0.000266; 0.000168; 6.8e-05; false; 0.119212;0.07; 0.058125; 0.01799;0.0031780000000000003; 0.000915; 0.000801; 0.000772; false; 0.083982;0.07; 0.057581; 0.01748;0.000616; 0.000997; 0.001431; 0.000988; false; 0.082267;ERR;1.0; 0.0905; 0.0000; 0.0009; 0.0003; 0.0003; False; 0.0015; 0.0922;1.19; 0.1015; 0.0225; 0.0710; 0.0013; 0.0117; False; 0.0841; 0.2085;TO;TO;1.33;0.031483257; 0.003127517; 2.578E-5; false; 0.010645671; 0.175607215
/home/experiments/nfa-bench/benchmarks/bool_comb/cox/diff_unsat-250-lhs.mata,/home/experiments/nfa-bench/benchmarks/bool_comb/cox/diff_unsat-250-rhs.mata;0.13;0.0794897;0.010371599999999998; 0.0052909000; 0.0001586000; False; 0.0199464000; 0.1447182000;0.08; 0.071987; 0.023726; 0.000155; 0.000128; 5e-05; false; 0.09931;0.08; 0.073755; 0.023731; 0.000161; 0.000177; 5.2e-05; false; 0.100985;0.09; 0.082964; 0.023525; 0.000156; 0.000177; 5.1e-05; false; 0.110053;0.09; 0.073489; 0.023475;0.004168; 0.00132; 0.001312; 0.001184; false; 0.107734;0.12; 0.10179; 0.025371;0.000884; 0.001188; 0.001875; 0.001313; false; 0.136825;ERR;1.12; 0.1172; 0.0000; 0.0011; 0.0004; 0.0004; False; 0.0019; 0.1197;1.12; 0.1108; 0.0203; 0.0779; 0.0022; 0.0180; False; 0.0983; 0.2298;TO;TO;1.24;0.034987906; 0.004489337; 2.5676E-5; false; 0.011586845; 0.141571904
/home/experiments/nfa-bench/benchmarks/bool_comb/cox/diff_unsat-300-lhs.mata,/home/experiments/nfa-bench/benchmarks/bool_comb/cox/diff_unsat-300-rhs.mata;0.11;0.0702221;0.006647899999999999; 0.0071725000; 0.0001762000; False; 0.0172988000; 0.1269471000;0.11; 0.094128; 0.031067; 0.000183; 0.00015; 5.8e-05; false; 0.129281;0.13; 0.110792; 0.033885; 0.000179; 0.000164; 5.9e-05; false; 0.148684;0.1; 0.088312; 0.028738; 0.000186; 0.000162; 5.8e-05; false; 0.121127;0.14; 0.094526; 0.033723;0.008712000000000001; 0.003163; 0.004103; 0.0035; false; 0.151346;0.13; 0.104181; 0.03125;0.000998; 0.001399; 0.002261; 0.001651; false; 0.146329;ERR;1.14; 0.1597; 0.0000; 0.0011; 0.0004; 0.0004; False; 0.0020; 0.1622;1.2; 0.1459; 0.0288; 0.1135; 0.0022; 0.0310; False; 0.1468; 0.3220;TO;TO;1.38;0.049894462; 0.005237815; 3.8375E-5; false; 0.012654869; 0.184293078
/home/experiments/nfa-bench/benchmarks/bool_comb/cox/diff_unsat-350-lhs.mata,/home/experiments/nfa-bench/benchmarks/bool_comb/cox/diff_unsat-350-rhs.mata;0.16;0.0882598;0.006284199999999999; 0.0052170000; 0.0001662000; False; 0.0144031000; 0.1587059000;0.14; 0.126252; 0.03202; 0.000208; 0.000235; 7e-05; false; 0.163243;0.12; 0.102084; 0.032504; 0.00021; 0.000235; 6.9e-05; false; 0.139319;0.12; 0.101934; 0.031758; 0.00021; 0.000191; 6.8e-05; false; 0.13827;0.15; 0.124429; 0.031695;0.0058189999999999995; 0.001726; 0.001512; 0.001581; false; 0.170344;0.14; 0.108029; 0.031309;0.001059; 0.001312; 0.002182; 0.001784; false; 0.15016;ERR;1.04; 0.1605; 0.0000; 0.0012; 0.0006; 0.0005; False; 0.0024; 0.1635;1.26; 0.1772; 0.0381; 0.1545; 0.0026; 0.0350; False; 0.1921; 0.4079;TO;TO;1.45;0.090156034; 0.014870227; 2.8689E-5; false; 0.021998576; 0.266395118
/home/experiments/nfa-bench/benchmarks/bool_comb/cox/diff_unsat-400-lhs.mata,/home/experiments/nfa-bench/benchmarks/bool_comb/cox/diff_unsat-400-rhs.mata;0.13;0.07992;0.0065004; 0.0072570000; 0.0002477000; False; 0.0166790000; 0.1332771000;0.15; 0.129337; 0.03883; 0.000257; 0.000205; 7.7e-05; false; 0.173522;0.19; 0.14947; 0.05461; 0.000262; 0.000224; 7.8e-05; false; 0.211619;0.16; 0.145419; 0.037438; 0.000264; 0.000203; 8.5e-05; false; 0.188228;0.17; 0.138613; 0.035173;0.006753; 0.002025; 0.00213; 0.002198; false; 0.191103;0.15; 0.116666; 0.042814;0.001232; 0.001448; 0.002569; 0.002046; false; 0.171682;ERR;1.09; 0.1757; 0.0000; 0.0014; 0.0006; 0.0006; False; 0.0027; 0.1791;1.48; 0.1830; 0.0503; 0.1985; 0.0029; 0.0630; False; 0.2645; 0.4987;TO;TO;1.48;0.094822314; 0.005702757; 5.6414E-5; false; 0.014328726; 0.253413381
/home/experiments/nfa-bench/benchmarks/bool_comb/cox/diff_unsat-450-lhs.mata,/home/experiments/nfa-bench/benchmarks/bool_comb/cox/diff_unsat-450-rhs.mata;0.14;0.11970460000000001;0.0065909; 0.0057398000; 0.0001943000; False; 0.0155333000; 0.1759734000;0.17; 0.142617; 0.040097; 0.000278; 0.000254; 9.6e-05; false; 0.188562;0.2; 0.176787; 0.039786; 0.000287; 0.000292; 9e-05; false; 0.222386;0.16; 0.139502; 0.04176; 0.000275; 0.000277; 8.7e-05; false; 0.186982;0.18; 0.131138; 0.040568;0.008088999999999999; 0.00257; 0.003648; 0.003841; false; 0.194602;0.18; 0.148836; 0.03773;0.001435; 0.001597; 0.002988; 0.002375; false; 0.200461;ERR;1.15; 0.2013; 0.0000; 0.0015; 0.0008; 0.0007; False; 0.0030; 0.2049;1.43; 0.1956; 0.0617; 0.2662; 0.0030; 0.0570; False; 0.3264; 0.5843;TO;TO;1.91;0.070792222; 0.006719738; 3.7541E-5; false; 0.016569122; 0.260680821
/home/experiments/nfa-bench/benchmarks/bool_comb/cox/diff_unsat-50-lhs.mata,/home/experiments/nfa-bench/benchmarks/bool_comb/cox/diff_unsat-50-rhs.mata;0.09;0.0414042;0.0066406; 0.0050542000; 0.0001433000; False; 0.0147851000; 0.0990279000;0.03; 0.026305; 0.01117; 7.5e-05; 4.3e-05; 1.8e-05; false; 0.040357;0.01; 0.014232; 0.007086; 5.1e-05; 2.4e-05; 1.1e-05; false; 0.022895;0.03; 0.026381; 0.010625; 9.3e-05; 3.6e-05; 1.7e-05; false; 0.039781;0.03; 0.022333; 0.009539;0.001459; 0.000329; 0.000305; 0.000286; false; 0.036637;0.03; 0.026991; 0.010129;0.000306; 0.000915; 0.00105; 0.000471; false; 0.043174;ERR;0.91; 0.0263; 0.0000; 0.0003; 0.0001; 0.0001; False; 0.0004; 0.0270;0.9; 0.0265; 0.0017; 0.0039; 0.0003; 0.0010; False; 0.0052; 0.0337;TO;TO;0.97;0.028511982999999998; 0.002617986; 5.7427E-5; false; 0.010812743; 0.132648623
/home/experiments/nfa-bench/benchmarks/bool_comb/cox/diff_unsat-500-lhs.mata,/home/experiments/nfa-bench/benchmarks/bool_comb/cox/diff_unsat-500-rhs.mata;0.13;0.0927333;0.0068289; 0.0080291000; 0.0002485000; False; 0.0181233000; 0.1481890000;0.17; 0.146362; 0.043434; 0.000301; 0.000332; 9.8e-05; false; 0.196262;0.23; 0.188526; 0.064474; 0.000337; 0.000299; 9.6e-05; false; 0.261002;0.18; 0.151064; 0.046571; 0.000338; 0.000459; 0.000113; false; 0.205804;0.21; 0.164917; 0.044888;0.008544; 0.003252; 0.003812; 0.003447; false; 0.233759;0.23; 0.169458; 0.05432;0.003119; 0.003491; 0.005986; 0.004901; false; 0.252444;ERR;1.13; 0.2121; 0.0000; 0.0017; 0.0008; 0.0008; False; 0.0033; 0.2163;1.57; 0.2198; 0.0785; 0.3840; 0.0034; 0.0694; False; 0.4569; 0.7559;TO;TO;1.72;0.10285593400000001; 0.006895246; 3.9981E-5; false; 0.017385946; 0.28239318
/home/experiments/nfa-bench/benchmarks/bool_comb/cox/diff_unsat-550-lhs.mata,/home/experiments/nfa-bench/benchmarks/bool_comb/cox/diff_unsat-550-rhs.mata;0.14;0.0945577;0.00685; 0.0060912000; 0.0001914000; False; 0.0159753000; 0.1473422000;0.26; 0.241549; 0.050731; 0.000357; 0.000299; 5.5e-05; false; 0.300275;0.19; 0.162111; 0.048379; 0.000337; 0.000357; 6.1e-05; false; 0.217967;0.19; 0.16204; 0.047525; 0.000331; 0.000323; 7.7e-05; false; 0.216927;0.23; 0.169099; 0.050886;0.010027000000000001; 0.003378; 0.003867; 0.003883; false; 0.247202;0.24; 0.199646; 0.048619;0.001729; 0.001887; 0.003717; 0.003146; false; 0.264989;ERR;1.12; 0.2471; 0.0000; 0.0019; 0.0010; 0.0009; False; 0.0038; 0.2520;1.67; 0.2809; 0.0911; 0.3756; 0.0080; 0.0878; False; 0.4714; 0.8442;TO;TO;1.68;0.11423576; 0.007691417; 3.5176E-5; false; 0.015461627; 0.269521871
/home/experiments/nfa-bench/benchmarks/bool_comb/cox/diff_unsat-600-lhs.mata,/home/experiments/nfa-bench/benchmarks/bool_comb/cox/diff_unsat-600-rhs.mata;0.19;0.1439104;0.0079675; 0.0097598000; 0.0002507000; False; 0.0212948000; 0.2067484000;0.24; 0.189598; 0.069775; 0.00046; 0.000825; 0.0001; false; 0.272584;0.25; 0.205565; 0.071229; 0.000398; 0.000409; 7.5e-05; false; 0.285475;0.22; 0.179; 0.055772; 0.000367; 0.000405; 8e-05; false; 0.244358;0.3; 0.192679; 0.076618;0.023101; 0.006261; 0.008311; 0.008068; false; 0.327384;0.28; 0.252665; 0.053387;0.0020169999999999997; 0.002022; 0.003954; 0.00347; false; 0.32442;ERR;1.21; 0.2839; 0.0000; 0.0021; 0.0011; 0.0010; False; 0.0043; 0.2891;1.82; 0.2694; 0.1239; 0.4376; 0.0045; 0.1086; False; 0.5508; 0.9453;TO;TO;1.79;0.07609392499999999; 0.009137181; 4.3074E-5; false; 0.018481883; 0.245931062
/home/experiments/nfa-bench/benchmarks/bool_comb/cox/diff_unsat-650-lhs.mata,/home/experiments/nfa-bench/benchmarks/bool_comb/cox/diff_unsat-650-rhs.mata;0.18;0.1305859;0.0082468; 0.0071050000; 0.0002546000; False; 0.0185980000; 0.1904433000;0.26; 0.217765; 0.061103; 0.000399; 0.000532; 8.1e-05; false; 0.287983;0.25; 0.216964; 0.061293; 0.000416; 0.00056; 8.9e-05; false; 0.289234;0.25; 0.214786; 0.061017; 0.000407; 0.000489; 7.6e-05; false; 0.284808;0.3; 0.243396; 0.05686;0.012241; 0.003558; 0.005173; 0.005771; false; 0.33375;0.26; 0.210567; 0.056621;0.002163; 0.002111; 0.004266; 0.003725; false; 0.286946;ERR;1.21; 0.2961; 0.0000; 0.0023; 0.0012; 0.0011; False; 0.0046; 0.3019;1.96; 0.2890; 0.1386; 0.5213; 0.0046; 0.1210; False; 0.6470; 1.0755;TO;TO;1.77;0.084390514; 0.008763521; 3.1106E-5; false; 0.017168899; 0.270441307
/home/experiments/nfa-bench/benchmarks/bool_comb/cox/diff_unsat-700-lhs.mata,/home/experiments/nfa-bench/benchmarks/bool_comb/cox/diff_unsat-700-rhs.mata;0.18;0.1197643;0.018975699999999998; 0.0128698000; 0.0003627000; False; 0.0354400000; 0.1967575000;0.28; 0.223695; 0.079215; 0.00045; 0.000606; 9.5e-05; false; 0.313893;0.3; 0.258294; 0.068487; 0.000449; 0.000636; 0.000108; false; 0.337948;0.26; 0.206903; 0.061213; 0.000427; 0.000488; 8.1e-05; false; 0.277758;0.31; 0.206855; 0.074072;0.026444; 0.006946; 0.00738; 0.006632; false; 0.335865;0.27; 0.212944; 0.061037;0.002247; 0.002281; 0.004574; 0.004046; false; 0.295121;ERR;1.2; 0.3207; 0.0000; 0.0022; 0.0014; 0.0012; False; 0.0049; 0.3266;2.12; 0.2998; 0.1473; 0.5974; 0.0048; 0.1708; False; 0.7731; 1.2212;TO;TO;1.78;0.109424697; 0.010876877; 3.756E-5; false; 0.019972466; 0.30845173
/home/experiments/nfa-bench/benchmarks/bool_comb/cox/diff_unsat-750-lhs.mata,/home/experiments/nfa-bench/benchmarks/bool_comb/cox/diff_unsat-750-rhs.mata;0.18;0.1216764;0.007589299999999999; 0.0068202000; 0.0002508000; False; 0.0173692000; 0.1853827000;0.3; 0.242801; 0.077685; 0.000485; 0.000624; 9.8e-05; false; 0.331962;0.31; 0.247805; 0.086744; 0.000486; 0.000664; 8.5e-05; false; 0.34916;0.29; 0.238663; 0.068437; 0.000459; 0.000484; 9.9e-05; false; 0.317917;0.32; 0.230086; 0.076349;0.017377; 0.004843; 0.00804; 0.007973; false; 0.354567;0.32; 0.268072; 0.062377;0.0023569999999999997; 0.002203; 0.004722; 0.004453; false; 0.352623;ERR;1.29; 0.3425; 0.0000; 0.0063; 0.0039; 0.0043; False; 0.0146; 0.3615;2.23; 0.3286; 0.1918; 0.6979; 0.0054; 0.1632; False; 0.8666; 1.3879;TO;TO;1.87;0.083805963; 0.010652494; 2.8715E-5; false; 0.019018966; 0.251328595
/home/experiments/nfa-bench/benchmarks/bool_comb/cox/diff_unsat-800-lhs.mata,/home/experiments/nfa-bench/benchmarks/bool_comb/cox/diff_unsat-800-rhs.mata;0.18;0.139086;0.0075964; 0.0070112000; 0.0002191000; False; 0.0175141000; 0.1940990000;0.3; 0.250098; 0.071174; 0.000496; 0.000515; 0.000103; false; 0.332265;0.31; 0.25779; 0.071954; 0.000487; 0.000489; 8.7e-05; false; 0.340232;0.28; 0.232587; 0.067881; 0.000495; 0.000659; 9.6e-05; false; 0.311425;0.33; 0.247111; 0.069869;0.015001; 0.004774; 0.007031; 0.007125; false; 0.359107;0.3; 0.234399; 0.07168;0.00258; 0.002429; 0.005236; 0.0048; false; 0.330024;ERR;1.28; 0.3634; 0.0000; 0.0030; 0.0018; 0.0017; False; 0.0066; 0.3714;2.41; 0.3567; 0.2026; 0.7785; 0.0058; 0.1802; False; 0.9646; 1.5250;TO;TO;1.84;0.093174892; 0.01297947; 3.3384E-5; false; 0.021291299; 0.254241219
/home/experiments/nfa-bench/benchmarks/bool_comb/cox/diff_unsat-850-lhs.mata,/home/experiments/nfa-bench/benchmarks/bool_comb/cox/diff_unsat-850-rhs.mata;0.19;0.1474725;0.0080553; 0.0072317000; 0.0002879000; False; 0.0183739000; 0.2069515000;0.35; 0.300811; 0.074741; 0.000535; 0.000673; 0.000123; false; 0.388201;0.32; 0.266551; 0.074195; 0.000544; 0.000644; 0.000136; false; 0.353247;0.33; 0.287838; 0.074948; 0.000529; 0.000622; 0.000116; false; 0.375521;0.38; 0.287719; 0.076521;0.018692; 0.006079; 0.010428; 0.011929; false; 0.420929;0.4; 0.301073; 0.104185;0.002917; 0.002842; 0.006554; 0.005818; false; 0.434615;ERR;1.28; 0.3837; 0.0000; 0.0048; 0.0035; 0.0029; False; 0.0113; 0.3983;2.59; 0.3733; 0.2125; 0.8995; 0.0061; 0.2462; False; 1.1519; 1.7389;TO;TO;2.26;0.098097145; 0.014222464; 4.2423E-5; false; 0.023192004; 0.288422079
/home/experiments/nfa-bench/benchmarks/bool_comb/cox/diff_unsat-900-lhs.mata,/home/experiments/nfa-bench/benchmarks/bool_comb/cox/diff_unsat-900-rhs.mata;0.2;0.1461311;0.009293200000000001; 0.0083711000; 0.0002943000; False; 0.0216244000; 0.2084024000;0.33; 0.278933; 0.082546; 0.000561; 0.000658; 0.000112; false; 0.374399;0.36; 0.305409; 0.081725; 0.000571; 0.000749; 0.000133; false; 0.400312;0.41; 0.352973; 0.090359; 0.000581; 0.000625; 0.000109; false; 0.456174;0.39; 0.268774; 0.085289;0.024449; 0.007756; 0.009861; 0.007661; false; 0.417032;0.36; 0.280005; 0.091248;0.003168; 0.003152; 0.006672; 0.005781; false; 0.403136;ERR;1.37; 0.4547; 0.0000; 0.0045; 0.0026; 0.0025; False; 0.0097; 0.4675;2.74; 0.3988; 0.2370; 0.9830; 0.0063; 0.2644; False; 1.2538; 1.8909;TO;TO;2.05;0.090967237; 0.014117239; 4.017E-5; false; 0.023396811; 0.287145832
/home/experiments/nfa-bench/benchmarks/bool_comb/cox/diff_unsat-950-lhs.mata,/home/experiments/nfa-bench/benchmarks/bool_comb/cox/diff_unsat-950-rhs.mata;0.3;0.2506428;0.0076413; 0.0074697000; 0.0002065000; False; 0.0179578000; 0.3355022000;0.34; 0.286294; 0.08143; 0.000595; 0.000861; 0.00016; false; 0.382721;0.37; 0.292357; 0.095571; 0.001211; 0.001406; 0.000249; false; 0.405673;0.36; 0.3095; 0.087954; 0.000584; 0.000735; 0.00012; false; 0.413079;0.4; 0.292223; 0.081168;0.019973; 0.006202; 0.010507; 0.010916; false; 0.431122;0.38; 0.294732; 0.085956;0.003066; 0.002728; 0.00626; 0.006504; false; 0.411142;ERR;1.39; 0.4218; 0.0000; 0.0044; 0.0032; 0.0024; False; 0.0101; 0.4336;2.94; 0.4236; 0.2653; 1.1067; 0.0067; 0.2734; False; 1.3869; 2.0770;TO;TO;2.22;0.11554885000000001; 0.014095641; 2.7698E-5; false; 0.022403933; 0.309091301
/home/experiments/nfa-bench/benchmarks/bool_comb/cox/inter_sat-100-lhs.mata,/home/experiments/nfa-bench/benchmarks/bool_comb/cox/inter_sat-100-rhs.mata;0.12;0.0832649;0.008750599999999999; 0.0070599000; 0.0001598000; False; 0.0193867000; 0.1526882000;0.03; 0.029336; 0.0113; 6.6e-05; 5.6e-05; 2.1e-05; false; 0.042882;0.04; 0.038813; 0.010091; 6.3e-05; 4.6e-05; 1.9e-05; false; 0.050606;0.05; 0.048089; 0.010616; 6.5e-05; 4.7e-05; 1.9e-05; false; 0.060515;0.03; 0.028412; 0.010353;0.001581; 0.00038; 0.000326; 0.000357; false; 0.042952;0.05; 0.044617; 0.010144;0.000304; 0.000705; 0.000935; 0.000525; false; 0.059552;ERR;0.91; 0.0461; 0.0000; 0.0005; 0.0001; 0.0001; False; 0.0008; 0.0472;0.95; 0.0476; 0.0156; 0.0262; 0.0013; 0.0061; False; 0.0336; 0.0972;TO;TO;1.11;0.02982428; 0.002154424; 2.3225E-5; false; 0.009360722; 0.178948192
/home/experiments/nfa-bench/benchmarks/bool_comb/cox/inter_sat-1000-lhs.mata,/home/experiments/nfa-bench/benchmarks/bool_comb/cox/inter_sat-1000-rhs.mata;0.21;0.15995559999999998;0.0093475; 0.0089535000; 0.0002895000; False; 0.0220696000; 0.2219830000;0.42; 0.328003; 0.112202; 0.000608; 0.000725; 0.000118; false; 0.454329;0.38; 0.313444; 0.090327; 0.000611; 0.0009; 0.00015; false; 0.419316;0.44; 0.320447; 0.137248; 0.00135; 0.0014; 0.000259; false; 0.481985;0.43; 0.302731; 0.089101;0.021575999999999998; 0.006005; 0.010346; 0.0108; false; 0.452432;0.46; 0.381771; 0.085194;0.003257; 0.002805; 0.006614; 0.006487; false; 0.49745;ERR;1.37; 0.4457; 0.0000; 0.0054; 0.0039; 0.0032; False; 0.0126; 0.4602;3.18; 0.4653; 0.2913; 1.2840; 0.0072; 0.2934; False; 1.5847; 2.3428;TO;TO;2.02;0.079463218; 0.010000791; 3.3554E-5; false; 0.018117794; 0.300255686
/home/experiments/nfa-bench/benchmarks/bool_comb/cox/inter_sat-150-lhs.mata,/home/experiments/nfa-bench/benchmarks/bool_comb/cox/inter_sat-150-rhs.mata;0.09;0.0521371;0.0059136; 0.0049427000; 0.0001284000; False; 0.0137611000; 0.1049019000;0.1; 0.080285; 0.025488; 0.000182; 0.000123; 5.2e-05; false; 0.11002;0.07; 0.072911; 0.013647; 9e-05; 6.6e-05; 3.4e-05; false; 0.088732;0.05; 0.04279; 0.013788; 9.1e-05; 6.7e-05; 2.8e-05; false; 0.058782;0.07; 0.060312; 0.01401;0.002444; 0.000688; 0.000527; 0.000556; false; 0.080422;0.05; 0.043868; 0.015365;0.00048499999999999997; 0.000885; 0.001326; 0.00081; false; 0.065948;ERR;0.97; 0.0723; 0.0000; 0.0006; 0.0002; 0.0002; False; 0.0011; 0.0736;0.99; 0.0860; 0.0083; 0.0288; 0.0010; 0.0067; False; 0.0366; 0.1313;TO;TO;1.13;0.026904129; 0.002728049; 2.2284E-5; false; 0.010084745; 0.155675789
/home/experiments/nfa-bench/benchmarks/bool_comb/cox/inter_sat-200-lhs.mata,/home/experiments/nfa-bench/benchmarks/bool_comb/cox/inter_sat-200-rhs.mata;0.11;0.0607159;0.0066256; 0.0067509000; 0.0002373000; False; 0.0165829000; 0.1163796000;0.1; 0.089319; 0.019486; 0.00012; 9.4e-05; 3.9e-05; false; 0.111782;0.06; 0.057734; 0.01856; 0.000118; 0.000104; 3.8e-05; false; 0.07904;0.07; 0.057999; 0.018867; 0.000121; 0.000105; 3.9e-05; false; 0.079691;0.09; 0.078342; 0.018809;0.003202; 0.000851; 0.000707; 0.000759; false; 0.104942;0.08; 0.058853; 0.020357;0.000689; 0.001058; 0.001515; 0.001063; false; 0.087372;ERR;0.95; 0.1113; 0.0000; 0.0009; 0.0002; 0.0003; False; 0.0014; 0.1130;1.04; 0.0877; 0.0135; 0.0502; 0.0013; 0.0119; False; 0.0634; 0.1650;TO;TO;1.27;0.033511815; 0.004174487; 4.0213E-5; false; 0.011705392; 0.148067782
/home/experiments/nfa-bench/benchmarks/bool_comb/cox/inter_sat-250-lhs.mata,/home/experiments/nfa-bench/benchmarks/bool_comb/cox/inter_sat-250-rhs.mata;0.12;0.1194196;0.0062550999999999995; 0.0052792000; 0.0001469000; False; 0.0147026000; 0.1747597000;0.09; 0.081784; 0.022376; 0.000146; 0.000118; 4.8e-05; false; 0.107683;0.09; 0.088907; 0.022129; 0.000162; 0.000167; 4.9e-05; false; 0.11479;0.1; 0.094257; 0.025564; 0.000157; 0.0002; 5e-05; false; 0.123839;0.08; 0.071388; 0.022198;0.004018; 0.001113; 0.000911; 0.00093; false; 0.103258;0.08; 0.072332; 0.023802;0.000851; 0.001128; 0.001778; 0.001254; false; 0.105572;ERR;0.99; 0.1328; 0.0000; 0.0009; 0.0003; 0.0003; False; 0.0016; 0.1348;1.13; 0.1113; 0.0206; 0.0785; 0.0023; 0.0177; False; 0.0985; 0.2308;TO;TO;1.37;0.047489819999999995; 0.004901822; 3.8354E-5; false; 0.012275479; 0.180282276
/home/experiments/nfa-bench/benchmarks/bool_comb/cox/inter_sat-300-lhs.mata,/home/experiments/nfa-bench/benchmarks/bool_comb/cox/inter_sat-300-rhs.mata;0.12;0.06937660000000001;0.0068460000000000005; 0.0071743000; 0.0002642000; False; 0.0172140000; 0.1377739000;0.13; 0.117857; 0.030672; 0.000174; 0.000148; 5.8e-05; false; 0.153062;0.13; 0.11274; 0.029103; 0.000171; 0.000144; 5.9e-05; false; 0.145813;0.13; 0.117927; 0.027704; 0.000173; 0.000156; 5.8e-05; false; 0.149564;0.13; 0.100413; 0.039805;0.004794; 0.001365; 0.001142; 0.001195; false; 0.151893;0.15; 0.105973; 0.045113;0.001597; 0.001953; 0.003155; 0.00261; false; 0.166294;ERR;1.19; 0.1674; 0.0000; 0.0026; 0.0010; 0.0012; False; 0.0049; 0.1730;1.23; 0.1391; 0.0291; 0.1139; 0.0022; 0.0267; False; 0.1429; 0.3116;TO;TO;1.32;0.050743281; 0.004978852; 2.9987E-5; false; 0.012629334; 0.191235874
/home/experiments/nfa-bench/benchmarks/bool_comb/cox/inter_sat-350-lhs.mata,/home/experiments/nfa-bench/benchmarks/bool_comb/cox/inter_sat-350-rhs.mata;0.13;0.0735163;0.0062556; 0.0052599000; 0.0001584000; False; 0.0144448000; 0.1319975000;0.13; 0.122118; 0.030895; 0.000201; 0.000173; 6.8e-05; false; 0.157767;0.15; 0.106955; 0.052214; 0.000223; 0.000292; 7.6e-05; false; 0.166472;0.12; 0.101531; 0.031905; 0.000202; 0.000181; 6.9e-05; false; 0.137871;0.13; 0.105259; 0.031028;0.005947; 0.001692; 0.001518; 0.00158; false; 0.150615;0.13; 0.102514; 0.032403;0.001077; 0.001273; 0.002256; 0.001834; false; 0.145891;ERR;1.06; 0.1559; 0.0000; 0.0013; 0.0005; 0.0005; False; 0.0023; 0.1586;1.26; 0.1563; 0.0379; 0.1512; 0.0029; 0.0345; False; 0.1887; 0.3835;TO;TO;1.42;0.088166299; 0.005824351; 3.9002E-5; false; 0.018137974; 0.216692742
/home/experiments/nfa-bench/benchmarks/bool_comb/cox/inter_sat-400-lhs.mata,/home/experiments/nfa-bench/benchmarks/bool_comb/cox/inter_sat-400-rhs.mata;0.15;0.0943127;0.0087789; 0.0055718000; 0.0002442000; False; 0.0174959000; 0.1598982000;0.14; 0.127297; 0.036403; 0.000238; 0.000245; 7.8e-05; false; 0.168809;0.16; 0.124608; 0.046932; 0.000225; 0.00027; 9.7e-05; false; 0.176905;0.15; 0.128315; 0.035951; 0.000225; 0.000211; 7.8e-05; false; 0.169615;0.16; 0.122719; 0.03552;0.006871; 0.002275; 0.002213; 0.002374; false; 0.175887;0.15; 0.126106; 0.035703;0.001279; 0.001412; 0.002553; 0.002118; false; 0.173979;ERR;1.08; 0.1789; 0.0000; 0.0015; 0.0005; 0.0006; False; 0.0026; 0.1819;1.36; 0.1929; 0.0491; 0.1963; 0.0029; 0.0448; False; 0.2441; 0.4868;TO;TO;1.49;0.048563546; 0.003878668; 4.2422E-5; false; 0.011109098; 0.244469383
/home/experiments/nfa-bench/benchmarks/bool_comb/cox/inter_sat-450-lhs.mata,/home/experiments/nfa-bench/benchmarks/bool_comb/cox/inter_sat-450-rhs.mata;0.13;0.0841617;0.0064447; 0.0056191000; 0.0001320000; False; 0.0149246000; 0.1366107000;0.16; 0.132107; 0.041028; 0.000295; 0.000427; 0.0001; false; 0.180424;0.15; 0.129694; 0.040233; 0.000273; 0.00031; 8.9e-05; false; 0.176995;0.19; 0.162509; 0.041612; 0.000257; 0.000245; 8.9e-05; false; 0.210048;0.19; 0.153252; 0.040771;0.007931; 0.002134; 0.002546; 0.002571; false; 0.213705;0.17; 0.135866; 0.0396;0.0013909999999999999; 0.001591; 0.002824; 0.002324; false; 0.188685;ERR;1.13; 0.2109; 0.0000; 0.0017; 0.0007; 0.0007; False; 0.0031; 0.2145;1.48; 0.2178; 0.0611; 0.2459; 0.0034; 0.0569; False; 0.3062; 0.5858;TO;TO;1.56;0.069082193; 0.005936961; 2.9825E-5; false; 0.013868099; 0.246932877
/home/experiments/nfa-bench/benchmarks/bool_comb/cox/inter_sat-50-lhs.mata,/home/experiments/nfa-bench/benchmarks/bool_comb/cox/inter_sat-50-rhs.mata;0.09;0.0384048;0.0066446000000000005; 0.0046666000; 0.0001272000; False; 0.0143056000; 0.0918747000;0.02; 0.025708; 0.010259; 6.6e-05; 4.6e-05; 1.6e-05; false; 0.038527;0.02; 0.025811; 0.009641; 6.5e-05; 4.4e-05; 1.6e-05; false; 0.037595;0.02; 0.014297; 0.006652; 3.6e-05; 2.6e-05; 1e-05; false; 0.022509;0.03; 0.024939; 0.009804;0.0014780000000000001; 0.000312; 0.000291; 0.000294; false; 0.039143;0.02; 0.017862; 0.00687;0.00015299999999999998; 0.000594; 0.000672; 0.000284; false; 0.028587;ERR;0.98; 0.0277; 0.0000; 0.0004; 0.0001; 0.0001; False; 0.0005; 0.0284;0.91; 0.0262; 0.0016; 0.0037; 0.0003; 0.0009; False; 0.0050; 0.0330;TO;TO;1.0;0.027223302; 0.001654972; 2.127E-5; false; 0.007251983; 0.125436507
/home/experiments/nfa-bench/benchmarks/bool_comb/cox/inter_sat-500-lhs.mata,/home/experiments/nfa-bench/benchmarks/bool_comb/cox/inter_sat-500-rhs.mata;0.19;0.1758695;0.0074306; 0.0077456000; 0.0002426000; False; 0.0183811000; 0.2572216000;0.23; 0.190664; 0.049702; 0.000288; 0.000306; 0.000108; false; 0.248341;0.21; 0.177091; 0.048361; 0.000313; 0.000424; 0.000102; false; 0.234427;0.22; 0.178976; 0.047676; 0.000677; 0.000584; 0.000154; false; 0.238688;0.27; 0.19359; 0.066179;0.01625; 0.003261; 0.003554; 0.003127; false; 0.293741;0.26; 0.216005; 0.049549;0.0015500000000000002; 0.001618; 0.003814; 0.002632; false; 0.281143;ERR;1.11; 0.2132; 0.0000; 0.0016; 0.0007; 0.0007; False; 0.0031; 0.2170;1.57; 0.3026; 0.0747; 0.3027; 0.0038; 0.0694; False; 0.3760; 0.7540;TO;TO;1.7;0.094962203; 0.006978834; 4.1036E-5; false; 0.018358236; 0.339045446
/home/experiments/nfa-bench/benchmarks/bool_comb/cox/inter_sat-550-lhs.mata,/home/experiments/nfa-bench/benchmarks/bool_comb/cox/inter_sat-550-rhs.mata;0.13;0.0963192;0.0068809; 0.0061086000; 0.0002010000; False; 0.0158227000; 0.1493945000;0.21; 0.176229; 0.047801; 0.000329; 0.000308; 6.2e-05; false; 0.231393;0.26; 0.21357; 0.065449; 0.000344; 0.000545; 7.4e-05; false; 0.28802;0.22; 0.188677; 0.047944; 0.000354; 0.0003; 5.8e-05; false; 0.243631;0.23; 0.180321; 0.050772;0.009637; 0.002392; 0.002824; 0.002931; false; 0.255057;0.2; 0.160917; 0.046316;0.001751; 0.001777; 0.003318; 0.002906; false; 0.223194;ERR;1.12; 0.2510; 0.0000; 0.0018; 0.0009; 0.0008; False; 0.0036; 0.2554;1.69; 0.2768; 0.0905; 0.3864; 0.0039; 0.0869; False; 0.4773; 0.8453;TO;TO;1.67;0.115795581; 0.005228735; 5.2395E-5; false; 0.013621979; 0.305295127
/home/experiments/nfa-bench/benchmarks/bool_comb/cox/inter_sat-600-lhs.mata,/home/experiments/nfa-bench/benchmarks/bool_comb/cox/inter_sat-600-rhs.mata;0.15;0.1029803;0.007155199999999999; 0.0098586000; 0.0002810000; False; 0.0200018000; 0.1605406000;0.22; 0.184317; 0.051304; 0.000364; 0.000575; 9.4e-05; false; 0.245284;0.26; 0.224008; 0.055777; 0.000343; 0.000413; 7.1e-05; false; 0.287743;0.23; 0.189803; 0.058313; 0.000359; 0.000535; 9e-05; false; 0.257162;0.27; 0.184962; 0.051544;0.025325; 0.007533; 0.006431; 0.008057; false; 0.290535;0.25; 0.1894; 0.060733;0.0020829999999999998; 0.00205; 0.004669; 0.003579; false; 0.272801;ERR;1.15; 0.2847; 0.0000; 0.0020; 0.0012; 0.0010; False; 0.0043; 0.2899;1.83; 0.2648; 0.1320; 0.4402; 0.0041; 0.1026; False; 0.5470; 0.9447;TO;TO;1.76;0.071554253; 0.009314144; 4.4279E-5; false; 0.018365831; 0.25292007
/home/experiments/nfa-bench/benchmarks/bool_comb/cox/inter_sat-650-lhs.mata,/home/experiments/nfa-bench/benchmarks/bool_comb/cox/inter_sat-650-rhs.mata;0.18;0.1252828;0.0072025; 0.0064854000; 0.0002187000; False; 0.0166585000; 0.1785426000;0.24; 0.190094; 0.075294; 0.000377; 0.000497; 9.2e-05; false; 0.278449;0.23; 0.191587; 0.060569; 0.000383; 0.000433; 7.9e-05; false; 0.261167;0.26; 0.222189; 0.063059; 0.000382; 0.000434; 7.9e-05; false; 0.294259;0.28; 0.213764; 0.06132;0.012171000000000001; 0.003596; 0.004939; 0.005468; false; 0.309643;0.27; 0.221332; 0.058296;0.002104; 0.00207; 0.004316; 0.004048; false; 0.299946;ERR;1.23; 0.2861; 0.0000; 0.0022; 0.0011; 0.0011; False; 0.0045; 0.2915;1.9; 0.2847; 0.1244; 0.5251; 0.0043; 0.1189; False; 0.6484; 1.0585;TO;TO;1.84;0.08383811799999999; 0.009848312; 4.1219E-5; false; 0.018626978; 0.255606464
/home/experiments/nfa-bench/benchmarks/bool_comb/cox/inter_sat-700-lhs.mata,/home/experiments/nfa-bench/benchmarks/bool_comb/cox/inter_sat-700-rhs.mata;0.18;0.1288168;0.0106529; 0.0066960000; 0.0002616000; False; 0.0205627000; 0.1892272000;0.3; 0.254578; 0.071608; 0.000408; 0.000446; 8e-05; false; 0.336124;0.4; 0.317141; 0.095063; 0.000987; 0.001125; 0.000173; false; 0.432075;0.45; 0.378958; 0.102533; 0.001016; 0.000959; 0.000145; false; 0.499527;0.5; 0.3746; 0.101001;0.026291000000000002; 0.007303; 0.010181; 0.011981; false; 0.544068;0.38; 0.326149; 0.064782;0.0022789999999999998; 0.002233; 0.004507; 0.004057; false; 0.412602;ERR;1.19; 0.3268; 0.0000; 0.0022; 0.0014; 0.0012; False; 0.0048; 0.3344;2.07; 0.3090; 0.1601; 0.6033; 0.0048; 0.1385; False; 0.7467; 1.2167;TO;TO;1.98;0.083684572; 0.010337248; 3.0557E-5; false; 0.019596331; 0.288111616
/home/experiments/nfa-bench/benchmarks/bool_comb/cox/inter_sat-750-lhs.mata,/home/experiments/nfa-bench/benchmarks/bool_comb/cox/inter_sat-750-rhs.mata;0.21;0.153796;0.0087753; 0.0078832000; 0.0002726000; False; 0.0199606000; 0.2149110000;0.27; 0.216417; 0.063685; 0.00042; 0.00043; 8e-05; false; 0.289681;0.29; 0.242214; 0.064495; 0.000424; 0.000568; 9.5e-05; false; 0.317057;0.26; 0.217204; 0.063732; 0.000435; 0.000539; 0.000102; false; 0.291185;0.3; 0.233305; 0.066201;0.014921; 0.004648; 0.006766; 0.007267; false; 0.34165;0.3; 0.249224; 0.063195;0.002497; 0.002412; 0.005133; 0.004814; false; 0.33591;ERR;1.27; 0.3438; 0.0000; 0.0025; 0.0016; 0.0014; False; 0.0056; 0.3505;2.28; 0.3215; 0.1653; 0.6876; 0.0053; 0.1763; False; 0.8693; 1.3573;TO;TO;1.82;0.091531505; 0.010314888; 2.8646E-5; false; 0.0190943; 0.266455613
/home/experiments/nfa-bench/benchmarks/bool_comb/cox/inter_sat-800-lhs.mata,/home/experiments/nfa-bench/benchmarks/bool_comb/cox/inter_sat-800-rhs.mata;0.19;0.1611881;0.0121372; 0.0092896000; 0.0002581000; False; 0.0256098000; 0.2320598000;0.33; 0.258444; 0.096059; 0.000466; 0.000638; 0.00011; false; 0.366285;0.36; 0.298023; 0.081002; 0.000475; 0.000729; 0.000122; false; 0.391949;0.31; 0.25219; 0.073884; 0.000482; 0.000615; 0.0001; false; 0.337955;0.61; 0.43424; 0.121441;0.03275; 0.008262; 0.014001; 0.019744; false; 0.650417;0.48; 0.419232; 0.070184;0.002715; 0.00245; 0.005323; 0.00505; false; 0.514238;ERR;1.25; 0.3385; 0.0000; 0.0026; 0.0019; 0.0018; False; 0.0063; 0.3461;2.34; 0.3625; 0.1886; 0.7882; 0.0067; 0.1821; False; 0.9770; 1.5292;TO;TO;2.06;0.09718750400000001; 0.013228324; 4.8751E-5; false; 0.022400265; 0.300795031
/home/experiments/nfa-bench/benchmarks/bool_comb/cox/inter_sat-850-lhs.mata,/home/experiments/nfa-bench/benchmarks/bool_comb/cox/inter_sat-850-rhs.mata;0.2;0.13917580000000002;0.007814399999999999; 0.0072539000; 0.0002322000; False; 0.0181187000; 0.2052347000;0.37; 0.292888; 0.102209; 0.000522; 0.000626; 0.000119; false; 0.4075;0.3; 0.246811; 0.074821; 0.000519; 0.000634; 0.000115; false; 0.334577;0.36; 0.296623; 0.07404; 0.000535; 0.000667; 0.000138; false; 0.383235;0.34; 0.258308; 0.073726;0.01762; 0.005094; 0.008211; 0.008878; false; 0.381288;0.35; 0.278515; 0.077411;0.002746; 0.002582; 0.00556; 0.005976; false; 0.384295;ERR;1.26; 0.3866; 0.0000; 0.0169; 0.0022; 0.0017; False; 0.0209; 0.4086;2.67; 0.4197; 0.2146; 0.9489; 0.0122; 0.2145; False; 1.1757; 1.8112;TO;TO;1.85;0.071147141; 0.009697314; 2.9709E-5; false; 0.017216057; 0.24646321
/home/experiments/nfa-bench/benchmarks/bool_comb/cox/inter_sat-900-lhs.mata,/home/experiments/nfa-bench/benchmarks/bool_comb/cox/inter_sat-900-rhs.mata;0.2;0.1388441;0.0081932; 0.0076165000; 0.0002703000; False; 0.0188908000; 0.1980302000;0.35; 0.295637; 0.083995; 0.000537; 0.000692; 0.00014; false; 0.393014;0.32; 0.265171; 0.078219; 0.000522; 0.000609; 0.000107; false; 0.356219;0.36; 0.273869; 0.105227; 0.000525; 0.000631; 0.000123; false; 0.394469;0.41; 0.323818; 0.078778;0.017701; 0.004866; 0.008605; 0.008969; false; 0.452097;0.37; 0.281515; 0.083009;0.002999; 0.002643; 0.005783; 0.00569; false; 0.394642;ERR;1.3; 0.4052; 0.0000; 0.0034; 0.0021; 0.0020; False; 0.0077; 0.4153;2.78; 0.3968; 0.2366; 1.0044; 0.0065; 0.2507; False; 1.2617; 1.8968;TO;TO;2.0;0.076175229; 0.010984999; 3.1263E-5; false; 0.019867248; 0.266930335
/home/experiments/nfa-bench/benchmarks/bool_comb/cox/inter_sat-950-lhs.mata,/home/experiments/nfa-bench/benchmarks/bool_comb/cox/inter_sat-950-rhs.mata;0.21;0.1540417;0.0095412; 0.0085006000; 0.0002803000; False; 0.0215294000; 0.2178837000;0.4; 0.325771; 0.092677; 0.000556; 0.000737; 0.000124; false; 0.432618;0.36; 0.309782; 0.084526; 0.000567; 0.000756; 0.000136; false; 0.408507;0.38; 0.31882; 0.089597; 0.00056; 0.000857; 0.000153; false; 0.423467;0.48; 0.331721; 0.09758;0.023538; 0.008573; 0.017942; 0.020762; false; 0.515266;0.41; 0.291156; 0.106741;0.006342; 0.006123; 0.008913; 0.0081; false; 0.451208;ERR;1.33; 0.4309; 0.0000; 0.0035; 0.0027; 0.0022; False; 0.0085; 0.4417;2.9; 0.4283; 0.2632; 1.1041; 0.0074; 0.2863; False; 1.3978; 2.0908;TO;TO;2.26;0.119620911; 0.014512741; 2.7111E-5; false; 0.02289223; 0.32784265
/home/experiments/nfa-bench/benchmarks/bool_comb/cox/inter_unsat-100-lhs.mata,/home/experiments/nfa-bench/benchmarks/bool_comb/cox/inter_unsat-100-rhs.mata;0.15;0.0812662;0.0091797; 0.0077958000; 0.0002506000; False; 0.0212478000; 0.1620172000;0.05; 0.051933; 0.016524; 6.6e-05; 6e-05; 2.1e-05; false; 0.070517;0.04; 0.036544; 0.01038; 6.6e-05; 5.5e-05; 2.2e-05; false; 0.048818;0.05; 0.046081; 0.011; 6.8e-05; 6.2e-05; 2.1e-05; false; 0.05906;0.03; 0.028972; 0.011538;0.0016480000000000002; 0.000404; 0.000374; 0.000384; false; 0.044952;0.04; 0.029153; 0.011406;0.00031999999999999997; 0.000867; 0.001107; 0.000559; false; 0.046103;ERR;0.96; 0.0471; 0.0000; 0.0005; 0.0001; 0.0001; False; 0.0008; 0.0481;0.96; 0.0506; 0.0042; 0.0136; 0.0007; 0.0034; False; 0.0178; 0.0729;TO;TO;1.07;0.020521314; 0.001909439; 2.5693E-5; false; 0.00788217; 0.141174643
/home/experiments/nfa-bench/benchmarks/bool_comb/cox/inter_unsat-1000-lhs.mata,/home/experiments/nfa-bench/benchmarks/bool_comb/cox/inter_unsat-1000-rhs.mata;0.21;0.1557111;0.008236799999999999; 0.0079743000; 0.0002483000; False; 0.0193679000; 0.2182803000;0.42; 0.337467; 0.102422; 0.00059; 0.000747; 0.000141; false; 0.456323;0.35; 0.293304; 0.089454; 0.000584; 0.000778; 0.000158; false; 0.397913;0.41; 0.345346; 0.083546; 0.001; 0.000717; 0.000122; false; 0.443021;0.41; 0.302577; 0.087545;0.021676; 0.006813; 0.009154; 0.010472; false; 0.449595;0.38; 0.296205; 0.090262;0.004094; 0.002791; 0.006214; 0.006018; false; 0.418004;ERR;1.4; 0.5198; 0.0000; 0.0048; 0.0030; 0.0029; False; 0.0109; 0.5324;3.34; 0.4608; 0.3456; 1.2792; 0.0071; 0.3038; False; 1.5902; 2.3982;TO;TO;2.21;0.11136541900000001; 0.017372917; 4.9985E-5; false; 0.026358504; 0.313690627
/home/experiments/nfa-bench/benchmarks/bool_comb/cox/inter_unsat-150-lhs.mata,/home/experiments/nfa-bench/benchmarks/bool_comb/cox/inter_unsat-150-rhs.mata;0.09;0.0518016;0.00594; 0.0048748000; 0.0001313000; False; 0.0136583000; 0.1029260000;0.07; 0.059763; 0.015628; 9.5e-05; 8.8e-05; 3.6e-05; false; 0.078301;0.05; 0.044482; 0.015389; 9.6e-05; 9.3e-05; 3e-05; false; 0.062571;0.06; 0.048942; 0.014308; 0.000196; 0.000136; 4.3e-05; false; 0.066804;0.09; 0.067942; 0.023687;0.004314; 0.001189; 0.001035; 0.000973; false; 0.102242;0.06; 0.05691; 0.016698;0.000555; 0.000921; 0.0013; 0.000815; false; 0.080743;ERR;1.0; 0.0759; 0.0000; 0.0011; 0.0004; 0.0003; False; 0.0019; 0.0782;1.01; 0.0720; 0.0081; 0.0289; 0.0010; 0.0066; False; 0.0365; 0.1169;TO;TO;1.26;0.033194513; 0.003898532; 4.2222E-5; false; 0.018172619; 0.159308512
/home/experiments/nfa-bench/benchmarks/bool_comb/cox/inter_unsat-200-lhs.mata,/home/experiments/nfa-bench/benchmarks/bool_comb/cox/inter_unsat-200-rhs.mata;0.12;0.0615396;0.0063823000000000005; 0.0069328000; 0.0002687000; False; 0.0164769000; 0.1180683000;0.07; 0.058326; 0.019626; 0.000121; 9.5e-05; 3.8e-05; false; 0.08093;0.11; 0.094337; 0.022421; 0.000124; 0.000125; 5.8e-05; false; 0.120275;0.07; 0.058063; 0.019342; 0.000123; 0.000133; 4e-05; false; 0.080622;0.09; 0.081733; 0.02129;0.003172; 0.00079; 0.000683; 0.000754; false; 0.110593;0.09; 0.079319; 0.017789;0.000562; 0.000851; 0.001307; 0.000973; false; 0.103775;ERR;1.02; 0.0997; 0.0000; 0.0011; 0.0004; 0.0005; False; 0.0021; 0.1024;1.06; 0.0900; 0.0134; 0.0507; 0.0013; 0.0114; False; 0.0635; 0.1671;TO;TO;1.35;0.083851707; 0.004972454; 5.5068E-5; false; 0.01438044; 0.262766122
/home/experiments/nfa-bench/benchmarks/bool_comb/cox/inter_unsat-250-lhs.mata,/home/experiments/nfa-bench/benchmarks/bool_comb/cox/inter_unsat-250-rhs.mata;0.11;0.0651739;0.006933899999999999; 0.0054360000; 0.0001426000; False; 0.0153282000; 0.1195097000;0.1; 0.091296; 0.025908; 0.000144; 0.000114; 4.7e-05; false; 0.120769;0.09; 0.073105; 0.02232; 0.000146; 0.000118; 5.4e-05; false; 0.098662;0.09; 0.074282; 0.028914; 0.000157; 0.000197; 5.4e-05; false; 0.107194;0.09; 0.071364; 0.022268;0.003952; 0.000968; 0.000879; 0.00091; false; 0.102801;0.09; 0.070495; 0.022561;0.000797; 0.00109; 0.001762; 0.001268; false; 0.102365;ERR;1.11; 0.1421; 0.0000; 0.0010; 0.0004; 0.0003; False; 0.0018; 0.1442;1.16; 0.1155; 0.0203; 0.0783; 0.0026; 0.0181; False; 0.0991; 0.2354;TO;TO;1.3;0.036709484; 0.004502017; 3.6042E-5; false; 0.012074184; 0.147680264
/home/experiments/nfa-bench/benchmarks/bool_comb/cox/inter_unsat-300-lhs.mata,/home/experiments/nfa-bench/benchmarks/bool_comb/cox/inter_unsat-300-rhs.mata;0.12;0.0666369;0.006117599999999999; 0.0070509000; 0.0001795000; False; 0.0159350000; 0.1182736000;0.11; 0.100475; 0.026133; 0.000169; 0.000154; 5.8e-05; false; 0.130717;0.12; 0.108647; 0.026335; 0.000176; 0.000147; 5.7e-05; false; 0.13884;0.11; 0.10041; 0.027545; 0.000182; 0.00014; 5.7e-05; false; 0.132327;0.11; 0.087136; 0.026481;0.004834; 0.001426; 0.001185; 0.001213; false; 0.125334;0.11; 0.086054; 0.029429;0.001719; 0.00227; 0.003628; 0.002886; false; 0.132965;ERR;1.06; 0.1353; 0.0000; 0.0011; 0.0004; 0.0004; False; 0.0020; 0.1378;1.2; 0.1632; 0.0286; 0.1113; 0.0020; 0.0252; False; 0.1386; 0.3309;TO;TO;1.4;0.053069576; 0.005463791; 3.9894E-5; false; 0.014787279; 0.206848747
/home/experiments/nfa-bench/benchmarks/bool_comb/cox/inter_unsat-350-lhs.mata,/home/experiments/nfa-bench/benchmarks/bool_comb/cox/inter_unsat-350-rhs.mata;0.12;0.0733684;0.0062814; 0.0056280000; 0.0001452000; False; 0.0146754000; 0.1250373000;0.12; 0.111053; 0.031075; 0.0002; 0.000175; 6.7e-05; false; 0.146806;0.18; 0.180178; 0.033727; 0.000209; 0.000184; 6.8e-05; false; 0.218376;0.12; 0.099612; 0.030353; 0.000216; 0.000177; 6.9e-05; false; 0.134628;0.13; 0.09894; 0.030463;0.005717; 0.001625; 0.001482; 0.001494; false; 0.14319;0.14; 0.11065; 0.029293;0.001056; 0.001279; 0.00225; 0.001783; false; 0.150597;ERR;1.09; 0.1878; 0.0000; 0.0013; 0.0005; 0.0005; False; 0.0024; 0.1908;1.27; 0.1611; 0.0392; 0.1528; 0.0024; 0.0587; False; 0.2139; 0.4148;TO;TO;1.52;0.061750194999999994; 0.013311267; 5.2518E-5; false; 0.024600752; 0.277165822
/home/experiments/nfa-bench/benchmarks/bool_comb/cox/inter_unsat-400-lhs.mata,/home/experiments/nfa-bench/benchmarks/bool_comb/cox/inter_unsat-400-rhs.mata;0.14;0.0976452;0.0110109; 0.0106639000; 0.0002598000; False; 0.0280214000; 0.1643176000;0.17; 0.136382; 0.041972; 0.00024; 0.000338; 9e-05; false; 0.184435;0.16; 0.12812; 0.047738; 0.000252; 0.00027; 8.2e-05; false; 0.182888;0.14; 0.132698; 0.032261; 0.000246; 0.000203; 7.7e-05; false; 0.1699;0.16; 0.12995; 0.032927;0.006831; 0.002037; 0.002222; 0.002282; false; 0.180118;0.15; 0.115907; 0.035091;0.001348; 0.001626; 0.002712; 0.002173; false; 0.16462;ERR;1.08; 0.1945; 0.0000; 0.0013; 0.0006; 0.0006; False; 0.0026; 0.1978;1.38; 0.1796; 0.0490; 0.2191; 0.0030; 0.0456; False; 0.2678; 0.4969;TO;TO;1.49;0.064018428; 0.005821029; 4.8092E-5; false; 0.014955501; 0.233481231
/home/experiments/nfa-bench/benchmarks/bool_comb/cox/inter_unsat-450-lhs.mata,/home/experiments/nfa-bench/benchmarks/bool_comb/cox/inter_unsat-450-rhs.mata;0.13;0.0843369;0.006768700000000001; 0.0057584000; 0.0002132000; False; 0.0157135000; 0.1376133000;0.17; 0.141109; 0.042489; 0.000563; 0.000508; 0.000144; false; 0.193983;0.15; 0.131378; 0.039086; 0.00026; 0.000255; 9.1e-05; false; 0.176251;0.15; 0.131706; 0.039037; 0.000261; 0.000264; 8.9e-05; false; 0.17649;0.2; 0.162381; 0.039394;0.007972; 0.002057; 0.002657; 0.002848; false; 0.221707;0.19; 0.158807; 0.038248;0.001434; 0.001638; 0.002915; 0.002366; false; 0.210701;ERR;1.1; 0.2157; 0.0000; 0.0015; 0.0008; 0.0007; False; 0.0030; 0.2194;1.46; 0.1938; 0.0615; 0.2659; 0.0031; 0.0563; False; 0.3254; 0.5814;TO;TO;1.65;0.080735863; 0.004360658; 2.044E-5; false; 0.016300588; 0.25233208
/home/experiments/nfa-bench/benchmarks/bool_comb/cox/inter_unsat-50-lhs.mata,/home/experiments/nfa-bench/benchmarks/bool_comb/cox/inter_unsat-50-rhs.mata;0.09;0.0413483;0.009086299999999999; 0.0062170000; 0.0001324000; False; 0.0193405000; 0.1021994000;0.01; 0.014125; 0.006823; 5.4e-05; 3.8e-05; 1.2e-05; false; 0.022579;0.01; 0.013597; 0.00645; 3.6e-05; 3.7e-05; 1.1e-05; false; 0.021317;0.01; 0.013714; 0.006744; 3.7e-05; 2.7e-05; 1.1e-05; false; 0.021828;0.01; 0.013898; 0.00717;0.000852; 0.000178; 0.000174; 0.000187; false; 0.023824;0.01; 0.013684; 0.006636;0.000169; 0.000622; 0.000702; 0.00028; false; 0.024324;ERR;0.94; 0.0284; 0.0000; 0.0003; 0.0001; 0.0001; False; 0.0004; 0.0290;0.91; 0.0256; 0.0016; 0.0039; 0.0003; 0.0009; False; 0.0052; 0.0326;TO;TO;0.99;0.022861932; 0.001873094; 1.9054E-5; false; 0.008323533; 0.164620054
/home/experiments/nfa-bench/benchmarks/bool_comb/cox/inter_unsat-500-lhs.mata,/home/experiments/nfa-bench/benchmarks/bool_comb/cox/inter_unsat-500-rhs.mata;0.16;0.10923759999999999;0.0065307; 0.0074853000; 0.0002406000; False; 0.0170328000; 0.1855204000;0.17; 0.14599; 0.044234; 0.000285; 0.000293; 9.9e-05; false; 0.196765;0.17; 0.146967; 0.043615; 0.00029; 0.000322; 9.9e-05; false; 0.197119;0.21; 0.191307; 0.046186; 0.000288; 0.00028; 9.7e-05; false; 0.244065;0.2; 0.165846; 0.045866;0.008931999999999999; 0.002472; 0.003264; 0.00355; false; 0.234997;0.18; 0.144803; 0.04341;0.001632; 0.001707; 0.0031; 0.00263; false; 0.202891;ERR;1.17; 0.2208; 0.0000; 0.0017; 0.0007; 0.0007; False; 0.0032; 0.2247;1.66; 0.2433; 0.0829; 0.3337; 0.0034; 0.0701; False; 0.4073; 0.7342;TO;TO;1.55;0.077265343; 0.006284842; 4.2179E-5; false; 0.014843571; 0.226746724
/home/experiments/nfa-bench/benchmarks/bool_comb/cox/inter_unsat-550-lhs.mata,/home/experiments/nfa-bench/benchmarks/bool_comb/cox/inter_unsat-550-rhs.mata;0.15;0.1255561;0.0069317; 0.0061976000; 0.0002578000; False; 0.0164030000; 0.1804638000;0.23; 0.178168; 0.07663; 0.000329; 0.000364; 6.2e-05; false; 0.263586;0.19; 0.160835; 0.049954; 0.000333; 0.000339; 5.8e-05; false; 0.218154;0.26; 0.216953; 0.053126; 0.000356; 0.000532; 7.8e-05; false; 0.27951;0.24; 0.172768; 0.052463;0.011257; 0.003281; 0.005169; 0.005405; false; 0.257744;0.25; 0.208421; 0.052149;0.001922; 0.002032; 0.003577; 0.002957; false; 0.277651;ERR;1.14; 0.2552; 0.0000; 0.0018; 0.0009; 0.0008; False; 0.0036; 0.2610;1.79; 0.2644; 0.0924; 0.3884; 0.0044; 0.0851; False; 0.4780; 0.8358;TO;TO;1.7;0.11590589; 0.006874073; 2.821E-5; false; 0.014615426; 0.346403163
/home/experiments/nfa-bench/benchmarks/bool_comb/cox/inter_unsat-600-lhs.mata,/home/experiments/nfa-bench/benchmarks/bool_comb/cox/inter_unsat-600-rhs.mata;0.15;0.1022682;0.007145500000000001; 0.0098881000; 0.0002485000; False; 0.0201642000; 0.1599314000;0.25; 0.208354; 0.056129; 0.000351; 0.000448; 7.2e-05; false; 0.275239;0.26; 0.218173; 0.058392; 0.000453; 0.000919; 0.000147; false; 0.29026;0.24; 0.188843; 0.072568; 0.000772; 0.000849; 0.00016; false; 0.275707;0.27; 0.186708; 0.062656;0.019997; 0.00398; 0.004739; 0.004403; false; 0.296742;0.26; 0.200984; 0.06355;0.003404; 0.003423; 0.006524; 0.006005; false; 0.296453;ERR;1.19; 0.2739; 0.0000; 0.0020; 0.0011; 0.0010; False; 0.0041; 0.2788;1.81; 0.2729; 0.1063; 0.4497; 0.0044; 0.1005; False; 0.5547; 0.9347;TO;TO;1.81;0.073036326; 0.007520986; 3.0463E-5; false; 0.015706668; 0.244681061
/home/experiments/nfa-bench/benchmarks/bool_comb/cox/inter_unsat-650-lhs.mata,/home/experiments/nfa-bench/benchmarks/bool_comb/cox/inter_unsat-650-rhs.mata;0.15;0.1084608;0.0074155; 0.0065201000; 0.0002282000; False; 0.0169521000; 0.1624079000;0.28; 0.232252; 0.059961; 0.000399; 0.000777; 0.000119; false; 0.303904;0.25; 0.204923; 0.055616; 0.000403; 0.000488; 7.6e-05; false; 0.269542;0.26; 0.218956; 0.060823; 0.000826; 0.000804; 9.6e-05; false; 0.29569;0.28; 0.211848; 0.058204;0.013923999999999999; 0.004229; 0.006369; 0.007569; false; 0.309335;0.27; 0.207175; 0.073329;0.002266; 0.002278; 0.004534; 0.004199; false; 0.302944;ERR;1.19; 0.3122; 0.0000; 0.0033; 0.0016; 0.0016; False; 0.0066; 0.3220;2.04; 0.3228; 0.1256; 0.5249; 0.0044; 0.1398; False; 0.6692; 1.1186;TO;TO;1.86;0.079535573; 0.008316926; 2.2171E-5; false; 0.015005103; 0.248689028
/home/experiments/nfa-bench/benchmarks/bool_comb/cox/inter_unsat-700-lhs.mata,/home/experiments/nfa-bench/benchmarks/bool_comb/cox/inter_unsat-700-rhs.mata;0.22;0.1438223;0.017980700000000002; 0.0122663000; 0.0003888000; False; 0.0363004000; 0.2357706000;0.25; 0.206632; 0.062752; 0.000404; 0.00048; 9.6e-05; false; 0.278937;0.3; 0.248936; 0.06385; 0.000423; 0.000476; 8e-05; false; 0.32265;0.28; 0.236243; 0.062872; 0.000437; 0.000498; 8.5e-05; false; 0.308889;0.32; 0.247764; 0.062969;0.013322; 0.003987; 0.005959; 0.006408; false; 0.347864;0.27; 0.223908; 0.062125;0.002291; 0.002189; 0.004424; 0.004274; false; 0.311685;ERR;1.34; 0.3543; 0.0000; 0.0024; 0.0015; 0.0014; False; 0.0054; 0.3607;2.06; 0.3206; 0.1442; 0.6030; 0.0048; 0.1410; False; 0.7490; 1.2149;TO;TO;1.75;0.09498987; 0.010476758; 6.1369E-5; false; 0.01868275; 0.285979034
/home/experiments/nfa-bench/benchmarks/bool_comb/cox/inter_unsat-750-lhs.mata,/home/experiments/nfa-bench/benchmarks/bool_comb/cox/inter_unsat-750-rhs.mata;0.17;0.1547135;0.007916; 0.0071859000; 0.0002190000; False; 0.0181520000; 0.2134289000;0.27; 0.226691; 0.067813; 0.000441; 0.000494; 0.0001; false; 0.305051;0.3; 0.25664; 0.065553; 0.000436; 0.000507; 9.6e-05; false; 0.33255;0.31; 0.2625; 0.065872; 0.000455; 0.000545; 9.4e-05; false; 0.338948;0.34; 0.263054; 0.066378;0.016227; 0.004959; 0.008281; 0.007151; false; 0.375974;0.29; 0.229009; 0.062703;0.0024270000000000003; 0.002307; 0.004755; 0.00433; false; 0.314153;ERR;1.31; 0.3526; 0.0000; 0.0039; 0.0023; 0.0022; False; 0.0084; 0.3638;2.25; 0.3274; 0.1879; 0.6850; 0.0051; 0.1624; False; 0.8526; 1.3690;TO;TO;1.87;0.091979012; 0.011006361; 4.2431E-5; false; 0.020358752; 0.287172877
/home/experiments/nfa-bench/benchmarks/bool_comb/cox/inter_unsat-800-lhs.mata,/home/experiments/nfa-bench/benchmarks/bool_comb/cox/inter_unsat-800-rhs.mata;0.19;0.1282266;0.0079813; 0.0073961000; 0.0002328000; False; 0.0183624000; 0.1889623000;0.32; 0.267269; 0.076346; 0.000978; 0.000961; 0.000133; false; 0.361097;0.28; 0.232119; 0.067648; 0.000456; 0.000572; 0.000101; false; 0.310885;0.31; 0.263049; 0.070891; 0.000532; 0.001086; 0.000129; false; 0.34854;0.33; 0.243637; 0.076958;0.015946000000000002; 0.004562; 0.007242; 0.007893; false; 0.364903;0.32; 0.25786; 0.067582;0.0025710000000000004; 0.002399; 0.005149; 0.004855; false; 0.349701;ERR;1.27; 0.3889; 0.0000; 0.0026; 0.0019; 0.0015; False; 0.0060; 0.3961;2.4; 0.3584; 0.2028; 0.7784; 0.0061; 0.1999; False; 0.9845; 1.5467;TO;TO;2.09;0.091781348; 0.011358911; 3.0843E-5; false; 0.019215803; 0.281068054
/home/experiments/nfa-bench/benchmarks/bool_comb/cox/inter_unsat-850-lhs.mata,/home/experiments/nfa-bench/benchmarks/bool_comb/cox/inter_unsat-850-rhs.mata;0.24;0.2071865;0.0086822; 0.0078909000; 0.0002365000; False; 0.0198867000; 0.3393271000;0.33; 0.2736; 0.074942; 0.000507; 0.000652; 0.000116; false; 0.360877;0.32; 0.260574; 0.07501; 0.000501; 0.00071; 0.00011; false; 0.348075;0.32; 0.269227; 0.074937; 0.0005; 0.000664; 0.000102; false; 0.358133;0.36; 0.275058; 0.073537;0.018797; 0.004862; 0.007623; 0.008389; false; 0.400463;0.34; 0.266263; 0.079219;0.002856; 0.002642; 0.006204; 0.005358; false; 0.372827;ERR;1.3; 0.3829; 0.0000; 0.0026; 0.0018; 0.0016; False; 0.0061; 0.3901;2.56; 0.3846; 0.2121; 0.8840; 0.0061; 0.2226; False; 1.1129; 1.7108;TO;TO;1.86;0.065039442; 0.009075158; 2.9961E-5; false; 0.016449245; 0.256162252
/home/experiments/nfa-bench/benchmarks/bool_comb/cox/inter_unsat-900-lhs.mata,/home/experiments/nfa-bench/benchmarks/bool_comb/cox/inter_unsat-900-rhs.mata;0.19;0.1632925;0.0079067; 0.0074116000; 0.0002546000; False; 0.0182077000; 0.2216784000;0.34; 0.280285; 0.079742; 0.000563; 0.000759; 0.000174; false; 0.37373;0.31; 0.263219; 0.074138; 0.000528; 0.000653; 0.000112; false; 0.349516;0.34; 0.275835; 0.077996; 0.000541; 0.000806; 0.000143; false; 0.368478;0.37; 0.27306; 0.072289;0.020296; 0.00873; 0.008986; 0.010103; false; 0.403478;0.36; 0.289473; 0.07451;0.003007; 0.002651; 0.005931; 0.005736; false; 0.391575;ERR;1.4; 0.4173; 0.0000; 0.0046; 0.0034; 0.0050; False; 0.0131; 0.4355;2.88; 0.4160; 0.2421; 1.0306; 0.0071; 0.2688; False; 1.3065; 1.9661;TO;TO;2.08;0.123879952; 0.016208688; 4.9162E-5; false; 0.026087602; 0.358094246
/home/experiments/nfa-bench/benchmarks/bool_comb/cox/inter_unsat-950-lhs.mata,/home/experiments/nfa-bench/benchmarks/bool_comb/cox/inter_unsat-950-rhs.mata;0.21;0.163988;0.0088163; 0.0080516000; 0.0002701000; False; 0.0200670000; 0.2293701000;0.39; 0.32803; 0.091301; 0.000577; 0.000783; 0.000137; false; 0.433889;0.36; 0.289676; 0.085326; 0.000565; 0.000879; 0.000133; false; 0.390788;0.37; 0.306911; 0.08863; 0.000563; 0.000776; 0.000169; false; 0.412046;0.39; 0.281696; 0.085547;0.020926; 0.005944; 0.009651; 0.010843; false; 0.425902;0.41; 0.335267; 0.089622;0.0030629999999999998; 0.002909; 0.006499; 0.005932; false; 0.458014;ERR;1.27; 0.4215; 0.0000; 0.0031; 0.0024; 0.0019; False; 0.0075; 0.4312;2.99; 0.4317; 0.2895; 1.1144; 0.0066; 0.2628; False; 1.3839; 2.1064;TO;TO;2.49;0.109841294; 0.015359649; 7.0944E-5; false; 0.024210654; 0.400034671
