name;automata-runtime;automata-construction;automata-trim;automata-compl;automata-emptiness_check;automata-emptiness_result;automata-interpretation;automata-overall;automata-min-runtime;automata-min-construction;automata-min-trim;automata-min-compl;automata-min-emptiness_check;automata-min-emptiness_result;automata-min-interpretation;automata-min-overall;java-automatalib-runtime;java-automatalib-construction;java-automatalib-determinize;java-automatalib-compl;java-automatalib-emptiness_check;java-automatalib-emptiness_result;java-automatalib-interpretation;java-automatalib-overall
/home/experiments/nfa-bench/benchmarks/presburger-explicit/complement/UltimateAutomizer/MADWiFi-encode_ie_ok_true-unreach-call.i_17.0.mata;0.22; 0.1266378000;0.0088499; 0.0763121000; 0.0001801000; False; 0.0876057000; 0.2970862000;0.75; 0.0446402000;0.0073939; 0.0598194000; 0.0002358000; False; 0.0699301000; 0.1749231000;2.5; 0.216180686; 0.207060549; 0.058882773; 0.003122064; false; 0.279710939; 0.801314098
/home/experiments/nfa-bench/benchmarks/presburger-explicit/complement/UltimateAutomizer/MADWiFi-encode_ie_ok_true-unreach-call.i_7.0.mata;0.22; 0.1056076000;0.0087278; 0.0710066000; 0.0002433000; False; 0.0823038000; 0.2844373000;0.79; 0.0650159000;0.0097029; 0.0734460000; 0.0002477000; False; 0.0859308000; 0.2382953000;2.3; 0.181313004; 0.27061409; 0.065504983; 0.011348587; false; 0.353386087; 0.775931151
/home/experiments/nfa-bench/benchmarks/presburger-explicit/complement/UltimateAutomizer/Primes_true-unreach-call.c_127.0.mata;0.17; 0.0621091000;0.0182862; 0.0515038000; 0.0002248000; False; 0.0724116000; 0.2089369000;0.88; 0.0522020000;0.0093126; 0.0532174000; 0.0002434000; False; 0.0653028000; 0.2139791000;1.81; 0.058195278; 0.16417049; 0.046888664; 0.001789712; false; 0.218957277; 0.506187608
/home/experiments/nfa-bench/benchmarks/presburger-explicit/complement/UltimateAutomizer/Primes_true-unreach-call.c_1657.0.mata;2.67; 1.8220658000;0.0093513; 0.4496132000; 0.0003441000; False; 0.4619984000; 3.0044690000;3.63; 2.1375262000;0.0099086; 0.4489337000; 0.0002673000; False; 0.4618031000; 3.1725059000;25.7; 2.122133101; 19.242803389; 0.16058704; 0.003993163; false; 19.44243026; 22.816558263
/home/experiments/nfa-bench/benchmarks/presburger-explicit/complement/UltimateAutomizer/Primes_true-unreach-call.c_187.0.mata;0.44; 0.2485096000;0.0095923; 0.0996606000; 0.0002421000; False; 0.1122885000; 0.4769802000;1.16; 0.2280706000;0.009658499999999999; 0.1002021000; 0.0003215000; False; 0.1126996000; 0.4516619000;4.28; 0.329527242; 0.970386734; 0.113741803; 0.015116665; false; 1.106260223; 1.942312229
/home/experiments/nfa-bench/benchmarks/presburger-explicit/complement/UltimateAutomizer/Primes_true-unreach-call.c_2207.0.mata;0.25; 0.0754933000;0.0080823; 0.0997343000; 0.0002646000; False; 0.1104582000; 0.2645062000;0.9; 0.0781536000;0.0090877; 0.0687054000; 0.0002778000; False; 0.0805702000; 0.3104063000;3.04; 0.245849566; 0.469223623; 0.035003672; 0.002061742; false; 0.516789259; 1.128603592
/home/experiments/nfa-bench/benchmarks/presburger-explicit/complement/UltimateAutomizer/Primes_true-unreach-call.c_2317.0.mata;0.25; 0.1279587000;0.0068064; 0.0797931000; 0.0001507000; False; 0.0974032000; 0.3200006000;1.09; 0.1203539000;0.008895299999999998; 0.1312395000; 0.0002656000; False; 0.1426996000; 0.3931781000;4.09; 0.248903808; 0.825779076; 0.063302916; 0.001982642; false; 0.912828027; 1.623729768
/home/experiments/nfa-bench/benchmarks/presburger-explicit/complement/UltimateAutomizer/Primes_true-unreach-call.c_237.0.mata;0.17; 0.0532333000;0.0198651; 0.0509038000; 0.0001993000; False; 0.0757055000; 0.1996964000;1.01; 0.0391111000;0.0103967; 0.0528328000; 0.0002002000; False; 0.0662163000; 0.1638523000;1.42; 0.051404192; 0.159677398; 0.039802558; 0.002907605; false; 0.210287865; 0.419763756
/home/experiments/nfa-bench/benchmarks/presburger-explicit/complement/UltimateAutomizer/Primes_true-unreach-call.c_276.0.mata;0.25; 0.1879854000;0.023125899999999998; 0.1023929000; 0.0002712000; False; 0.1286608000; 0.4360983000;0.97; 0.0555848000;0.0058811; 0.1072354000; 0.0002065000; False; 0.1151980000; 0.2310672000;3.14; 0.129336811; 0.407419217; 0.030052552; 0.002011611; false; 0.445891561; 0.817108652
/home/experiments/nfa-bench/benchmarks/presburger-explicit/complement/UltimateAutomizer/Primes_true-unreach-call.c_297.0.mata;0.33; 0.1434048000;0.009705; 0.1427654000; 0.0002147000; False; 0.1554929000; 0.3842707000;1.02; 0.0969301000;0.005748799999999999; 0.0999839000; 0.0002311000; False; 0.1076430000; 0.2644732000;3.41; 0.283157407; 0.745666498; 0.043702128; 0.001864181; false; 0.797615811; 1.375701138
/home/experiments/nfa-bench/benchmarks/presburger-explicit/complement/UltimateAutomizer/Primes_true-unreach-call.c_597.0.mata;0.29; 0.1506594000;0.0087959; 0.0883445000; 0.0003028000; False; 0.0998366000; 0.3291988000;1.06; 0.1115025000;0.0096751; 0.0949418000; 0.0002736000; False; 0.1080913000; 0.2910094000;3.74; 0.241274058; 0.762029279; 0.075424288; 0.00738387; false; 0.859988292; 1.465232559
/home/experiments/nfa-bench/benchmarks/presburger-explicit/complement/UltimateAutomizer/Primes_true-unreach-call.c_657.0.mata;0.31; 0.1438121000;0.0098675; 0.0952398000; 0.0003357000; False; 0.1080862000; 0.3375469000;1.03; 0.1303722000;0.017238899999999998; 0.1262912000; 0.0003345000; False; 0.1484504000; 0.3602636000;4.15; 0.271056705; 0.959412155; 0.054495562; 0.00206453; false; 1.022745465; 1.695001696
/home/experiments/nfa-bench/benchmarks/presburger-explicit/complement/UltimateAutomizer/Primes_true-unreach-call.c_670.0.mata;0.29; 0.1028570000;0.009536300000000001; 0.0985888000; 0.0002145000; False; 0.1108383000; 0.2977883000;1.1; 0.2038718000;0.0094019; 0.1423451000; 0.0003199000; False; 0.1545869000; 0.4999140000;4.05; 0.335462652; 0.963183269; 0.109997315; 0.002110216; false; 1.091306107; 1.913587033
/home/experiments/nfa-bench/benchmarks/presburger-explicit/complement/UltimateAutomizer/Primes_true-unreach-call.c_671.0.mata;0.34; 0.1719799000;0.0096323; 0.1426410000; 0.0002523000; False; 0.1555223000; 0.4907577000;1.08; 0.2396183000;0.0096811; 0.1511383000; 0.0003135000; False; 0.1640636000; 0.5571444000;3.75; 0.217092681; 0.831326702; 0.04670055; 0.00193318; false; 0.886643394; 1.472397618
/home/experiments/nfa-bench/benchmarks/presburger-explicit/complement/UltimateAutomizer/Primes_true-unreach-call.c_673.0.mata;0.48; 0.2630305000;0.0102352; 0.1425612000; 0.0002096000; False; 0.1556840000; 0.5478005000;1.25; 0.4590483000;0.0086538; 0.2413560000; 0.0002972000; False; 0.2658486000; 0.8831396000;4.6; 0.288531078; 0.972737298; 0.103742248; 0.002037356; false; 1.087864257; 1.993439934
/home/experiments/nfa-bench/benchmarks/presburger-explicit/complement/UltimateAutomizer/Primes_true-unreach-call.c_678.0.mata;0.46; 0.2423692000;0.010467200000000001; 0.0975513000; 0.0003074000; False; 0.1111918000; 0.5353644000;1.22; 0.2746999000;0.0145648; 0.0948511000; 0.0003069000; False; 0.1117466000; 0.5317475000;4.33; 0.253017815; 0.966698024; 0.066960009; 0.002447354; false; 1.043669692; 1.899689351
/home/experiments/nfa-bench/benchmarks/presburger-explicit/complement/UltimateAutomizer/Primes_true-unreach-call.c_798.0.mata;4.12; 3.0438147000;0.0061558; 0.4061901000; 0.0003655000; False; 0.4149525000; 4.5704507000;5.02; 3.5518515000;0.0089943; 0.4634324000; 0.0003570000; False; 0.4753076000; 4.8579197000;41.95; 2.687449676; 35.583552612; 0.159723663; 0.002178816; false; 35.752031844; 40.216124917
/home/experiments/nfa-bench/benchmarks/presburger-explicit/complement/UltimateAutomizer/nested6_true-unreach-call.i_7.0.mata;0.17; 0.0412436000;0.010223900000000001; 0.0734402000; 0.0001818000; False; 0.0866646000; 0.1801301000;0.88; 0.0298368000;0.009452799999999999; 0.0507968000; 0.0002762000; False; 0.0632158000; 0.1335676000;1.29; 0.045072019; 0.081298172; 0.02212258; 0.002121575; false; 0.116323345; 0.264597837
/home/experiments/nfa-bench/benchmarks/presburger-explicit/complement/UltimateAutomizer/nested9_true-unreach-call.i_1070.0.mata;0.2; 0.0450899000;0.0090637; 0.0773647000; 0.0002830000; False; 0.0893308000; 0.1903671000;0.94; 0.0536685000;0.0181328; 0.0846911000; 0.0003149000; False; 0.1103587000; 0.2344077000;1.73; 0.067999559; 0.140641395; 0.041655253; 0.002078917; false; 0.191314996; 0.467414198
/home/experiments/nfa-bench/benchmarks/presburger-explicit/complement/UltimateAutomizer/nested9_true-unreach-call.i_1072.0.mata;0.19; 0.0533161000;0.0091231; 0.0772782000; 0.0002467000; False; 0.0893752000; 0.2023994000;0.88; 0.0506932000;0.0082793; 0.0865021000; 0.0002341000; False; 0.0975383000; 0.2019503000;2.09; 0.101400216; 0.17491585; 0.029371104; 0.001920661; false; 0.213479716; 0.525631251
/home/experiments/nfa-bench/benchmarks/presburger-explicit/complement/UltimateAutomizer/nested9_true-unreach-call.i_1107.0.mata;0.2; 0.0567212000;0.0062967; 0.1021431000; 0.0002867000; False; 0.1107703000; 0.2168717000;1.06; 0.0983246000;0.0107029; 0.1300253000; 0.0004128000; False; 0.1438483000; 0.3139147000;2.85; 0.137209744; 0.24678157; 0.036777284; 0.002044858; false; 0.292485539; 0.743000033
/home/experiments/nfa-bench/benchmarks/presburger-explicit/complement/UltimateAutomizer/nested9_true-unreach-call.i_1117.0.mata;0.19; 0.0399092000;0.0103521; 0.0865888000; 0.0002247000; False; 0.0991128000; 0.1887893000;0.93; 0.0840682000;0.0108999; 0.1311336000; 0.0003946000; False; 0.1499422000; 0.4001258000;2.36; 0.134946647; 0.189090632; 0.029822119; 0.001982512; false; 0.236805856; 0.646933325
/home/experiments/nfa-bench/benchmarks/presburger-explicit/complement/UltimateAutomizer/nested9_true-unreach-call.i_1170.0.mata;0.25; 0.1132908000;0.0101368; 0.1521331000; 0.0001955000; False; 0.1650843000; 0.3617185000;0.82; 0.0408261000;0.0057319; 0.0637689000; 0.0002937000; False; 0.0716441000; 0.1516830000;2.47; 0.136021803; 0.208378093; 0.031055705; 0.001875115; false; 0.24763963; 0.594759492
/home/experiments/nfa-bench/benchmarks/presburger-explicit/complement/UltimateAutomizer/nested9_true-unreach-call.i_1172.0.mata;0.23; 0.0972543000;0.022970400000000002; 0.1236904000; 0.0003196000; False; 0.1497727000; 0.3721801000;0.99; 0.0737196000;0.010028; 0.1035995000; 0.0003323000; False; 0.1167120000; 0.2777275000;2.39; 0.124388954; 0.198223511; 0.044966714; 0.001888999; false; 0.266222475; 0.664844625
/home/experiments/nfa-bench/benchmarks/presburger-explicit/complement/UltimateAutomizer/nested9_true-unreach-call.i_1307.0.mata;0.18; 0.0436344000;0.009555000000000001; 0.0748813000; 0.0002173000; False; 0.0873937000; 0.1794738000;0.91; 0.0283986000;0.0060068; 0.0714691000; 0.0002214000; False; 0.0798266000; 0.1485528000;1.77; 0.100042236; 0.209684753; 0.053438362; 0.002178378; false; 0.271755794; 0.577778785
/home/experiments/nfa-bench/benchmarks/presburger-explicit/complement/UltimateAutomizer/nested9_true-unreach-call.i_1317.0.mata;0.19; 0.0903497000;0.0073996999999999995; 0.0782350000; 0.0001663000; False; 0.0878124000; 0.3043918000;0.88; 0.0294133000;0.0078742; 0.1182084000; 0.0002477000; False; 0.1293585000; 0.2057920000;1.97; 0.0821644; 0.226591747; 0.056355302; 0.002122905; false; 0.301821774; 0.591567592
/home/experiments/nfa-bench/benchmarks/presburger-explicit/complement/UltimateAutomizer/nested9_true-unreach-call.i_1337.0.mata;0.24; 0.0704038000;0.009389400000000001; 0.1144665000; 0.0003648000; False; 0.1270668000; 0.2730755000;0.94; 0.0616973000;0.0097909; 0.0932114000; 0.0003024000; False; 0.1062996000; 0.2302757000;2.38; 0.076365885; 0.182065208; 0.034300337; 0.001805863; false; 0.225650684; 0.512975928
/home/experiments/nfa-bench/benchmarks/presburger-explicit/complement/UltimateAutomizer/nested9_true-unreach-call.i_1357.0.mata;0.22; 0.0910502000;0.0100558; 0.0858588000; 0.0003187000; False; 0.0990214000; 0.3001528000;0.98; 0.0974328000;0.010571299999999999; 0.0922758000; 0.0002524000; False; 0.1061622000; 0.2746766000;2.63; 0.124050439; 0.278410247; 0.033705908; 0.002251903; false; 0.321245104; 0.759317156
/home/experiments/nfa-bench/benchmarks/presburger-explicit/complement/UltimateAutomizer/nested9_true-unreach-call.i_1370.0.mata;0.25; 0.0816084000;0.015970699999999997; 0.1668346000; 0.0003692000; False; 0.1860237000; 0.3422577000;0.98; 0.0753056000;0.0239724; 0.1431380000; 0.0003305000; False; 0.1753592000; 0.3461578000;2.89; 0.212288637; 0.341870479; 0.048512341; 0.004129561; false; 0.412470397; 1.008291987
/home/experiments/nfa-bench/benchmarks/presburger-explicit/complement/UltimateAutomizer/nested9_true-unreach-call.i_1371.0.mata;0.27; 0.0730723000;0.010238500000000001; 0.1135538000; 0.0003691000; False; 0.1273818000; 0.2706352000;1.08; 0.0760286000;0.0108425; 0.1157491000; 0.0003526000; False; 0.1299113000; 0.3265066000;2.83; 0.16939305; 0.256032087; 0.03692254; 0.002030634; false; 0.301699293; 0.795176983
/home/experiments/nfa-bench/benchmarks/presburger-explicit/complement/UltimateAutomizer/nested9_true-unreach-call.i_1375.0.mata;0.25; 0.1031863000;0.0096985; 0.1865611000; 0.0003306000; False; 0.2035588000; 0.4345194000;0.97; 0.0632490000;0.0102623; 0.1432259000; 0.0003130000; False; 0.1699208000; 0.2843977000;2.53; 0.083280422; 0.250925275; 0.032250206; 0.002083957; false; 0.293042993; 0.637480284
/home/experiments/nfa-bench/benchmarks/presburger-explicit/complement/UltimateAutomizer/nested9_true-unreach-call.i_1379.0.mata;0.23; 0.0788925000;0.019014899999999998; 0.0894859000; 0.0002206000; False; 0.1158216000; 0.2861052000;1.07; 0.1468136000;0.0097912; 0.1029619000; 0.0003364000; False; 0.1158372000; 0.3757453000;2.67; 0.132867518; 0.344246476; 0.053006999; 0.001706906; false; 0.43606346; 0.83992488
/home/experiments/nfa-bench/benchmarks/presburger-explicit/complement/UltimateAutomizer/nested9_true-unreach-call.i_1427.0.mata;0.27; 0.0711832000;0.0103769; 0.1519029000; 0.0003528000; False; 0.1655670000; 0.3049414000;1.03; 0.0784218000;0.0102733; 0.1460665000; 0.0003204000; False; 0.1593268000; 0.3041205000;2.63; 0.12387233; 0.272621922; 0.042046642; 0.002177601; false; 0.323835645; 0.681437036
/home/experiments/nfa-bench/benchmarks/presburger-explicit/complement/UltimateAutomizer/nested9_true-unreach-call.i_1437.0.mata;0.2; 0.1033662000;0.009491900000000001; 0.0842551000; 0.0002936000; False; 0.0965340000; 0.2789315000;0.96; 0.0504630000;0.0076489; 0.0590340000; 0.0002111000; False; 0.0687427000; 0.1785546000;2.14; 0.109696594; 0.193168172; 0.067043852; 0.002035346; false; 0.276279789; 0.60663832
/home/experiments/nfa-bench/benchmarks/presburger-explicit/complement/UltimateAutomizer/nested9_true-unreach-call.i_1471.0.mata;0.26; 0.0615087000;0.0096687; 0.1768143000; 0.0003094000; False; 0.1892308000; 0.3129126000;1.03; 0.0619077000;0.0100777; 0.1156357000; 0.0002128000; False; 0.1286517000; 0.2400075000;2.21; 0.086048123; 0.259637072; 0.030173467; 0.002130533; false; 0.298180517; 0.568850384
/home/experiments/nfa-bench/benchmarks/presburger-explicit/complement/UltimateAutomizer/nested9_true-unreach-call.i_1475.0.mata;0.3; 0.0909458000;0.011016399999999999; 0.1655910000; 0.0003610000; False; 0.1800400000; 0.3557873000;1.0; 0.0602247000;0.0090407; 0.0901722000; 0.0002987000; False; 0.1017527000; 0.2643881000;2.78; 0.119691855; 0.24587777; 0.027819837; 0.001606168; false; 0.280501528; 0.719670229
/home/experiments/nfa-bench/benchmarks/presburger-explicit/complement/UltimateAutomizer/nested9_true-unreach-call.i_1477.0.mata;0.25; 0.0642246000;0.0099005; 0.1119816000; 0.0003314000; False; 0.1246958000; 0.2525588000;1.01; 0.1269778000;0.0080407; 0.0920318000; 0.0002315000; False; 0.1028520000; 0.3527483000;2.18; 0.081242704; 0.21251868; 0.027389122; 0.00267725; false; 0.249743793; 0.570896677
/home/experiments/nfa-bench/benchmarks/presburger-explicit/complement/UltimateAutomizer/nested9_true-unreach-call.i_1479.0.mata;0.29; 0.0852390000;0.010428999999999999; 0.1536010000; 0.0003312000; False; 0.1672186000; 0.3228839000;1.09; 0.0631297000;0.0061945; 0.1058299000; 0.0001787000; False; 0.1139686000; 0.2423696000;3.0; 0.150474109; 0.286944129; 0.035009175; 0.002491838; false; 0.331709175; 0.745590058
/home/experiments/nfa-bench/benchmarks/presburger-explicit/complement/UltimateAutomizer/nested9_true-unreach-call.i_1575.0.mata;0.3; 0.0904501000;0.0246316; 0.1935651000; 0.0002296000; False; 0.2221298000; 0.3988915000;1.01; 0.1023268000;0.0095446; 0.1232784000; 0.0003558000; False; 0.1363130000; 0.3217158000;3.03; 0.136613606; 0.308117552; 0.062913241; 0.006014083; false; 0.401866672; 0.861430283
/home/experiments/nfa-bench/benchmarks/presburger-explicit/complement/UltimateAutomizer/nested9_true-unreach-call.i_1578.0.mata;0.29; 0.1167405000;0.0099174; 0.1234042000; 0.0003322000; False; 0.1364677000; 0.3614287000;1.13; 0.1288849000;0.0104871; 0.1417688000; 0.0003272000; False; 0.1555908000; 0.3478422000;2.81; 0.164248116; 0.253204244; 0.033085064; 0.001958659; false; 0.295271963; 0.778859374
/home/experiments/nfa-bench/benchmarks/presburger-explicit/complement/UltimateAutomizer/nested9_true-unreach-call.i_1597.0.mata;0.32; 0.0992947000;0.0099577; 0.1815779000; 0.0003139000; False; 0.1946926000; 0.4052955000;1.09; 0.1667930000;0.0106812; 0.1391413000; 0.0003092000; False; 0.1532853000; 0.4665436000;3.24; 0.16465491; 0.321483597; 0.034642887; 0.002284303; false; 0.366857901; 0.889795876
/home/experiments/nfa-bench/benchmarks/presburger-explicit/complement/UltimateAutomizer/nested9_true-unreach-call.i_1676.0.mata;0.31; 0.1855343000;0.025189899999999998; 0.1997616000; 0.0003647000; False; 0.2374327000; 0.5555501000;1.09; 0.0905253000;0.0104793; 0.1557456000; 0.0004144000; False; 0.1696545000; 0.3350171000;3.19; 0.156776881; 0.339487176; 0.082514195; 0.002915954; false; 0.441605071; 0.895484251
/home/experiments/nfa-bench/benchmarks/presburger-explicit/complement/UltimateAutomizer/nested9_true-unreach-call.i_1677.0.mata;0.35; 0.1109950000;0.011541500000000001; 0.1416791000; 0.0003977000; False; 0.1566511000; 0.3517196000;1.07; 0.1053435000;0.0110472; 0.1349292000; 0.0003182000; False; 0.1495455000; 0.3843940000;3.18; 0.235130696; 0.410988922; 0.03547734; 0.012167285; false; 0.465514848; 0.990525403
/home/experiments/nfa-bench/benchmarks/presburger-explicit/complement/UltimateAutomizer/nested9_true-unreach-call.i_1679.0.mata;0.35; 0.1450943000;0.0241357; 0.2179637000; 0.0003386000; False; 0.2451269000; 0.5103367000;1.09; 0.1058978000;0.0105877; 0.1346656000; 0.0003060000; False; 0.1487752000; 0.3348406000;3.11; 0.193973467; 0.393849739; 0.030828037; 0.001309046; false; 0.431040629; 0.938149665
/home/experiments/nfa-bench/benchmarks/presburger-explicit/complement/UltimateAutomizer/nested9_true-unreach-call.i_17.0.mata;0.16; 0.0367639000;0.0063174; 0.0599287000; 0.0003275000; False; 0.0686432000; 0.1577195000;0.97; 0.0472082000;0.0140115; 0.1153467000; 0.0002662000; False; 0.1321393000; 0.2537666000;2.14; 0.163714467; 0.15716539; 0.034072215; 0.003031974; false; 0.211077932; 0.633282936
/home/experiments/nfa-bench/benchmarks/presburger-explicit/complement/UltimateAutomizer/nested9_true-unreach-call.i_1703.0.mata;0.31; 0.0939644000;0.0130169; 0.1859557000; 0.0002927000; False; 0.2091350000; 0.4396839000;1.03; 0.0845636000;0.0061248; 0.0832566000; 0.0002201000; False; 0.0923082000; 0.2301422000;3.06; 0.212201777; 0.239883936; 0.03640139; 0.001992233; false; 0.284715959; 0.818510842
/home/experiments/nfa-bench/benchmarks/presburger-explicit/complement/UltimateAutomizer/nested9_true-unreach-call.i_1707.0.mata;0.35; 0.1140142000;0.010801000000000002; 0.1625900000; 0.0001640000; False; 0.1761884000; 0.4302382000;1.06; 0.1014909000;0.0107389; 0.1113491000; 0.0002583000; False; 0.1251231000; 0.3017873000;3.04; 0.166221403; 0.350244811; 0.037371261; 0.00213843; false; 0.396228889; 0.844415781
/home/experiments/nfa-bench/benchmarks/presburger-explicit/complement/UltimateAutomizer/nested9_true-unreach-call.i_1720.0.mata;0.23; 0.0856024000;0.0059448; 0.0848368000; 0.0003195000; False; 0.0928273000; 0.2257682000;0.99; 0.1188336000;0.0086355; 0.1123525000; 0.0003242000; False; 0.1239000000; 0.3152959000;2.84; 0.185900261; 0.259969591; 0.057526572; 0.002151344; false; 0.326658529; 0.808031915
/home/experiments/nfa-bench/benchmarks/presburger-explicit/complement/UltimateAutomizer/nested9_true-unreach-call.i_1722.0.mata;0.29; 0.1342764000;0.010365099999999999; 0.1069540000; 0.0003399000; False; 0.1202649000; 0.3293700000;1.08; 0.0837681000;0.0105165; 0.1188256000; 0.0002702000; False; 0.1324894000; 0.2882767000;2.94; 0.130375627; 0.296462272; 0.036072597; 0.002093723; false; 0.341216096; 0.761016542
/home/experiments/nfa-bench/benchmarks/presburger-explicit/complement/UltimateAutomizer/nested9_true-unreach-call.i_1723.0.mata;0.29; 0.0777526000;0.0103573; 0.1198827000; 0.0003200000; False; 0.1335219000; 0.3102178000;0.97; 0.1237695000;0.0098789; 0.0885985000; 0.0002523000; False; 0.1010395000; 0.3277294000;2.93; 0.179089626; 0.230132307; 0.034765722; 0.001962483; false; 0.276595434; 0.75596662
/home/experiments/nfa-bench/benchmarks/presburger-explicit/complement/UltimateAutomizer/nested9_true-unreach-call.i_1726.0.mata;0.28; 0.0827269000;0.0080569; 0.1594171000; 0.0003374000; False; 0.1708017000; 0.3216855000;1.05; 0.0918437000;0.0093604; 0.1172355000; 0.0002344000; False; 0.1296256000; 0.3265591000;2.89; 0.187293871; 0.229702762; 0.031345969; 0.002405127; false; 0.271369554; 0.741028371
/home/experiments/nfa-bench/benchmarks/presburger-explicit/complement/UltimateAutomizer/nested9_true-unreach-call.i_1728.0.mata;0.3; 0.1641631000;0.009993700000000001; 0.1305569000; 0.0003197000; False; 0.1525802000; 0.4836251000;1.06; 0.0874855000;0.0109486; 0.1164802000; 0.0003237000; False; 0.1305448000; 0.3239923000;3.15; 0.203516086; 0.45291683; 0.063103122; 0.013747959; false; 0.559217316; 1.024490396
/home/experiments/nfa-bench/benchmarks/presburger-explicit/complement/UltimateAutomizer/nested9_true-unreach-call.i_1729.0.mata;0.28; 0.1214671000;0.0094673; 0.1111659000; 0.0003003000; False; 0.1235046000; 0.3502338000;1.09; 0.0997808000;0.0101815; 0.1575847000; 0.0003229000; False; 0.1709938000; 0.3431575000;2.57; 0.121455217; 0.224814078; 0.031544506; 0.002236692; false; 0.265857034; 0.701797734
/home/experiments/nfa-bench/benchmarks/presburger-explicit/complement/UltimateAutomizer/nested9_true-unreach-call.i_173.0.mata;0.19; 0.0414861000;0.0096133; 0.0879299000; 0.0003223000; False; 0.1007560000; 0.1872880000;0.92; 0.0557872000;0.009609600000000001; 0.1253167000; 0.0002190000; False; 0.1380080000; 0.2631632000;1.98; 0.079175395; 0.169979256; 0.03674434; 0.001430383; false; 0.216735299; 0.529265367
/home/experiments/nfa-bench/benchmarks/presburger-explicit/complement/UltimateAutomizer/nested9_true-unreach-call.i_1732.0.mata;0.27; 0.1654358000;0.009974700000000001; 0.1537693000; 0.0001347000; False; 0.1744004000; 0.4776854000;1.01; 0.0875175000;0.009309399999999999; 0.1144276000; 0.0002694000; False; 0.1267542000; 0.2773578000;2.85; 0.103770411; 0.350262288; 0.059898206; 0.001787201; false; 0.417246744; 0.743265985
/home/experiments/nfa-bench/benchmarks/presburger-explicit/complement/UltimateAutomizer/nested9_true-unreach-call.i_1736.0.mata;0.2; 0.0980481000;0.0069269; 0.0781763000; 0.0003780000; False; 0.0877242000; 0.2415934000;1.07; 0.0836428000;0.0107446; 0.1784888000; 0.0003578000; False; 0.1968716000; 0.3464216000;2.89; 0.13067466; 0.349747461; 0.058600578; 0.002686553; false; 0.418874679; 0.977047035
/home/experiments/nfa-bench/benchmarks/presburger-explicit/complement/UltimateAutomizer/nested9_true-unreach-call.i_1737.0.mata;0.29; 0.0804392000;0.0093487; 0.1211560000; 0.0003352000; False; 0.1336471000; 0.2839518000;1.02; 0.0764842000;0.009515500000000001; 0.1266919000; 0.0002722000; False; 0.1392223000; 0.2805890000;3.15; 0.218133995; 0.427400836; 0.063226997; 0.002118526; false; 0.499257398; 1.010455068
/home/experiments/nfa-bench/benchmarks/presburger-explicit/complement/UltimateAutomizer/nested9_true-unreach-call.i_1738.0.mata;0.28; 0.1233384000;0.0094024; 0.1158458000; 0.0003176000; False; 0.1282833000; 0.3608696000;1.09; 0.0810885000;0.010358000000000001; 0.1185104000; 0.0003428000; False; 0.1320030000; 0.3225469000;2.68; 0.143114471; 0.256328628; 0.035633216; 0.001402501; false; 0.311327757; 0.804648834
/home/experiments/nfa-bench/benchmarks/presburger-explicit/complement/UltimateAutomizer/nested9_true-unreach-call.i_1739.0.mata;0.27; 0.0976481000;0.010055999999999999; 0.1089415000; 0.0003376000; False; 0.1219117000; 0.2888701000;1.1; 0.0865668000;0.0203361; 0.1342624000; 0.0003385000; False; 0.1601198000; 0.3345551000;2.81; 0.16309986; 0.287925463; 0.053535564; 0.011677209; false; 0.359917322; 0.83833163
/home/experiments/nfa-bench/benchmarks/presburger-explicit/complement/UltimateAutomizer/nested9_true-unreach-call.i_1741.0.mata;0.28; 0.0948214000;0.0222816; 0.1251836000; 0.0002963000; False; 0.1543048000; 0.3327451000;1.02; 0.0506423000;0.0063371; 0.1213917000; 0.0002937000; False; 0.1299372000; 0.2308094000;2.68; 0.168803286; 0.264544194; 0.03295372; 0.002238533; false; 0.30678358; 0.712134721
/home/experiments/nfa-bench/benchmarks/presburger-explicit/complement/UltimateAutomizer/nested9_true-unreach-call.i_1748.0.mata;0.23; 0.0913922000;0.0123511; 0.1099115000; 0.0003409000; False; 0.1253146000; 0.2765697000;1.03; 0.0721664000;0.0198566; 0.1232670000; 0.0003228000; False; 0.1498379000; 0.3296835000;2.67; 0.172906929; 0.261556088; 0.035762457; 0.002310405; false; 0.307453274; 0.782846317
/home/experiments/nfa-bench/benchmarks/presburger-explicit/complement/UltimateAutomizer/nested9_true-unreach-call.i_1749.0.mata;0.26; 0.0851107000;0.010231200000000001; 0.1302095000; 0.0002524000; False; 0.1451508000; 0.2835932000;1.04; 0.0844280000;0.010416400000000001; 0.1198769000; 0.0004788000; False; 0.1336771000; 0.2898819000;2.75; 0.167891126; 0.27833298; 0.043809632; 0.002018704; false; 0.340210087; 0.876839702
/home/experiments/nfa-bench/benchmarks/presburger-explicit/complement/UltimateAutomizer/nested9_true-unreach-call.i_175.0.mata;0.21; 0.0535467000;0.0092929; 0.0852187000; 0.0003155000; False; 0.0976184000; 0.2105613000;0.86; 0.0846084000;0.0172112; 0.0990723000; 0.0002886000; False; 0.1186646000; 0.2860030000;1.91; 0.145006442; 0.211253596; 0.04679607; 0.002255526; false; 0.280753409; 0.687015646
/home/experiments/nfa-bench/benchmarks/presburger-explicit/complement/UltimateAutomizer/nested9_true-unreach-call.i_1752.0.mata;0.25; 0.0678225000;0.0181358; 0.1340006000; 0.0003717000; False; 0.1571349000; 0.2888589000;1.07; 0.0421096000;0.006089; 0.1097379000; 0.0002071000; False; 0.1179269000; 0.2189681000;2.52; 0.115942787; 0.208713823; 0.032596367; 0.005136626; false; 0.266103679; 0.678674051
/home/experiments/nfa-bench/benchmarks/presburger-explicit/complement/UltimateAutomizer/nested9_true-unreach-call.i_1755.0.mata;0.25; 0.1098477000;0.0087813; 0.1458005000; 0.0003378000; False; 0.1576461000; 0.3662524000;0.96; 0.0749007000;0.0103982; 0.1119298000; 0.0003595000; False; 0.1256503000; 0.2471037000;2.52; 0.116084792; 0.253122754; 0.048549825; 0.001981034; false; 0.310141932; 0.641626901
/home/experiments/nfa-bench/benchmarks/presburger-explicit/complement/UltimateAutomizer/nested9_true-unreach-call.i_1758.0.mata;0.26; 0.0775596000;0.010284399999999999; 0.1123340000; 0.0003647000; False; 0.1259352000; 0.2722970000;1.05; 0.0675078000;0.009213299999999999; 0.1333232000; 0.0002066000; False; 0.1452437000; 0.2771670000;2.6; 0.094376151; 0.24324036; 0.041783652; 0.002232131; false; 0.294082583; 0.650835225
/home/experiments/nfa-bench/benchmarks/presburger-explicit/complement/UltimateAutomizer/nested9_true-unreach-call.i_1761.0.mata;0.27; 0.0722424000;0.0180923; 0.1334542000; 0.0002605000; False; 0.1568509000; 0.3226512000;1.01; 0.1006077000;0.0173586; 0.1096121000; 0.0003566000; False; 0.1299417000; 0.3096447000;2.73; 0.089964714; 0.240199541; 0.079306862; 0.002334613; false; 0.328962697; 0.71450593
/home/experiments/nfa-bench/benchmarks/presburger-explicit/complement/UltimateAutomizer/nested9_true-unreach-call.i_1764.0.mata;0.22; 0.0525353000;0.0101701; 0.1685208000; 0.0003631000; False; 0.1818449000; 0.2851332000;0.98; 0.0798763000;0.0075685; 0.0900898000; 0.0003589000; False; 0.1005232000; 0.3056193000;2.77; 0.165175727; 0.239481861; 0.045412345; 0.002339085; false; 0.295304745; 0.750426397
/home/experiments/nfa-bench/benchmarks/presburger-explicit/complement/UltimateAutomizer/nested9_true-unreach-call.i_1767.0.mata;0.27; 0.0808037000;0.0203124; 0.2566421000; 0.0002102000; False; 0.2953431000; 0.4877108000;1.03; 0.0675406000;0.009718999999999998; 0.1481737000; 0.0003477000; False; 0.1608686000; 0.2927905000;2.86; 0.137716507; 0.332456524; 0.063457532; 0.008070321; false; 0.438043688; 0.786043334
/home/experiments/nfa-bench/benchmarks/presburger-explicit/complement/UltimateAutomizer/nested9_true-unreach-call.i_1770.0.mata;0.28; 0.1232581000;0.0103322; 0.1202011000; 0.0002706000; False; 0.1335330000; 0.3497157000;1.03; 0.0838133000;0.0072118; 0.1509176000; 0.0003155000; False; 0.1604316000; 0.3887753000;2.85; 0.189536046; 0.364997533; 0.086674584; 0.002245628; false; 0.479233593; 0.991344479
/home/experiments/nfa-bench/benchmarks/presburger-explicit/complement/UltimateAutomizer/nested9_true-unreach-call.i_1777.0.mata;0.25; 0.0723581000;0.017515100000000002; 0.1270133000; 0.0002196000; False; 0.1467902000; 0.2848358000;1.02; 0.1141243000;0.0201197; 0.1351638000; 0.0003221000; False; 0.1607582000; 0.4095008000;2.93; 0.151748779; 0.342004506; 0.074319532; 0.005254596; false; 0.454125119; 0.958741956
/home/experiments/nfa-bench/benchmarks/presburger-explicit/complement/UltimateAutomizer/nested9_true-unreach-call.i_1778.0.mata;0.24; 0.1425953000;0.0064823; 0.1716803000; 0.0002811000; False; 0.1801279000; 0.4510134000;1.04; 0.0828938000;0.0098701; 0.1442214000; 0.0003596000; False; 0.1574470000; 0.3128518000;2.88; 0.160017817; 0.352916551; 0.037861678; 0.00229444; false; 0.400279964; 0.897693758
/home/experiments/nfa-bench/benchmarks/presburger-explicit/complement/UltimateAutomizer/nested9_true-unreach-call.i_1781.0.mata;0.27; 0.1076790000;0.0089834; 0.1663818000; 0.0003570000; False; 0.1781390000; 0.3829312000;1.06; 0.1515373000;0.0108124; 0.1360614000; 0.0003529000; False; 0.1499470000; 0.3973132000;3.24; 0.207056307; 0.325523484; 0.079598316; 0.021099557; false; 0.446007994; 1.012265247
/home/experiments/nfa-bench/benchmarks/presburger-explicit/complement/UltimateAutomizer/nested9_true-unreach-call.i_1784.0.mata;0.25; 0.0679065000;0.009819900000000001; 0.0972486000; 0.0003219000; False; 0.1100257000; 0.2709067000;0.99; 0.0680862000;0.009123; 0.1080025000; 0.0003617000; False; 0.1201725000; 0.2816905000;2.95; 0.162174911; 0.260218021; 0.046003398; 0.004386223; false; 0.32329132; 0.857273179
/home/experiments/nfa-bench/benchmarks/presburger-explicit/complement/UltimateAutomizer/nested9_true-unreach-call.i_1785.0.mata;0.31; 0.0986457000;0.011393200000000001; 0.1814449000; 0.0003286000; False; 0.1959345000; 0.3702628000;1.01; 0.0990233000;0.0074726; 0.1161070000; 0.0003349000; False; 0.1260428000; 0.3015013000;3.02; 0.150096216; 0.257124019; 0.0744878; 0.015029603; false; 0.353257143; 0.919248521
/home/experiments/nfa-bench/benchmarks/presburger-explicit/complement/UltimateAutomizer/nested9_true-unreach-call.i_1786.0.mata;0.32; 0.0941887000;0.0104896; 0.1327004000; 0.0002248000; False; 0.1460977000; 0.3358613000;1.06; 0.2214488000;0.011318199999999999; 0.1224325000; 0.0003393000; False; 0.1480673000; 0.4700215000;2.87; 0.228978636; 0.234160478; 0.035819385; 0.00203259; false; 0.279189419; 0.805280173
/home/experiments/nfa-bench/benchmarks/presburger-explicit/complement/UltimateAutomizer/nested9_true-unreach-call.i_1789.0.mata;0.32; 0.1170251000;0.011575; 0.2123641000; 0.0003373000; False; 0.2268920000; 0.4559209000;1.06; 0.0907057000;0.009925; 0.1594901000; 0.0003142000; False; 0.1726238000; 0.3769762000;3.37; 0.260609161; 0.371545663; 0.05246476; 0.013708647; false; 0.454992168; 1.085383309
/home/experiments/nfa-bench/benchmarks/presburger-explicit/complement/UltimateAutomizer/nested9_true-unreach-call.i_179.0.mata;0.22; 0.0896829000;0.0093776; 0.0844951000; 0.0002623000; False; 0.0969167000; 0.2815689000;0.98; 0.0835433000;0.009375; 0.0798680000; 0.0002567000; False; 0.0922531000; 0.2760042000;2.11; 0.128538321; 0.208753651; 0.056089763; 0.003274652; false; 0.285864033; 0.661941342
/home/experiments/nfa-bench/benchmarks/presburger-explicit/complement/UltimateAutomizer/nested9_true-unreach-call.i_1792.0.mata;0.28; 0.0911931000;0.0099391; 0.1122843000; 0.0002492000; False; 0.1250173000; 0.2790427000;1.05; 0.1055267000;0.0101396; 0.1251161000; 0.0003541000; False; 0.1381962000; 0.3905494000;3.16; 0.20220093; 0.30179881; 0.070939275; 0.002119913; false; 0.403661324; 0.966624985
/home/experiments/nfa-bench/benchmarks/presburger-explicit/complement/UltimateAutomizer/nested9_true-unreach-call.i_1795.0.mata;0.28; 0.0850617000;0.0090542; 0.1018873000; 0.0003177000; False; 0.1141477000; 0.2953888000;1.13; 0.0868053000;0.009931; 0.1264869000; 0.0003535000; False; 0.1396703000; 0.3062266000;3.1; 0.180742123; 0.259123939; 0.032952069; 0.002106924; false; 0.30168343; 0.755171806
/home/experiments/nfa-bench/benchmarks/presburger-explicit/complement/UltimateAutomizer/nested9_true-unreach-call.i_1798.0.mata;0.27; 0.1235502000;0.006408499999999999; 0.1397534000; 0.0003584000; False; 0.1485723000; 0.3867795000;1.12; 0.0924369000;0.010412; 0.1288288000; 0.0004137000; False; 0.1427417000; 0.3067262000;3.33; 0.209423089; 0.354046907; 0.085818177; 0.002170439; false; 0.451246386; 0.970183
/home/experiments/nfa-bench/benchmarks/presburger-explicit/complement/UltimateAutomizer/nested9_true-unreach-call.i_1817.0.mata;0.29; 0.0993797000;0.010142; 0.1490722000; 0.0002226000; False; 0.1617865000; 0.3552571000;1.05; 0.1082901000;0.015456899999999999; 0.1182163000; 0.0002661000; False; 0.1367961000; 0.3226686000;3.11; 0.164272946; 0.335527584; 0.059631849; 0.002271143; false; 0.406849748; 0.934758162
/home/experiments/nfa-bench/benchmarks/presburger-explicit/complement/UltimateAutomizer/nested9_true-unreach-call.i_1847.0.mata;0.28; 0.1245872000;0.0105276; 0.1417901000; 0.0002979000; False; 0.1555247000; 0.4180792000;1.03; 0.0642303000;0.009251599999999999; 0.1078922000; 0.0003167000; False; 0.1199347000; 0.2377318000;2.57; 0.11135361; 0.213145319; 0.035207991; 0.002378635; false; 0.259735712; 0.758006302
/home/experiments/nfa-bench/benchmarks/presburger-explicit/complement/UltimateAutomizer/nested9_true-unreach-call.i_187.0.mata;0.2; 0.0905758000;0.010727; 0.0939797000; 0.0003337000; False; 0.1081015000; 0.2880876000;0.96; 0.0442676000;0.0102367; 0.1321548000; 0.0002228000; False; 0.1448354000; 0.2337788000;1.99; 0.09333798; 0.15436485; 0.029440931; 0.002161918; false; 0.19455002; 0.474486205
/home/experiments/nfa-bench/benchmarks/presburger-explicit/complement/UltimateAutomizer/nested9_true-unreach-call.i_1874.0.mata;0.26; 0.0746292000;0.0102055; 0.1058303000; 0.0003421000; False; 0.1193729000; 0.2637503000;0.96; 0.0946541000;0.010361800000000001; 0.0792681000; 0.0002873000; False; 0.0929196000; 0.2987403000;2.59; 0.106029143; 0.244349287; 0.106271074; 0.004213955; false; 0.384141462; 0.769981578
/home/experiments/nfa-bench/benchmarks/presburger-explicit/complement/UltimateAutomizer/nested9_true-unreach-call.i_1875.0.mata;0.26; 0.0695805000;0.0108726; 0.1012831000; 0.0001645000; False; 0.1153211000; 0.2553024000;1.03; 0.1746676000;0.017744100000000002; 0.1346102000; 0.0003825000; False; 0.1577130000; 0.4279598000;2.47; 0.098804817; 0.227058122; 0.034498111; 0.002229377; false; 0.270258585; 0.588777697
/home/experiments/nfa-bench/benchmarks/presburger-explicit/complement/UltimateAutomizer/nested9_true-unreach-call.i_1877.0.mata;0.19; 0.0513014000;0.0066368; 0.0860237000; 0.0002357000; False; 0.0946359000; 0.1940762000;0.99; 0.1470737000;0.0095289; 0.1194804000; 0.0002244000; False; 0.1316822000; 0.3994163000;2.69; 0.133494957; 0.306931816; 0.032198601; 0.014856152; false; 0.360210508; 0.716228333
/home/experiments/nfa-bench/benchmarks/presburger-explicit/complement/UltimateAutomizer/nested9_true-unreach-call.i_1878.0.mata;0.25; 0.0648169000;0.0108578; 0.1061102000; 0.0002241000; False; 0.1202134000; 0.2642041000;1.01; 0.0782909000;0.0182598; 0.1030066000; 0.0003428000; False; 0.1240076000; 0.2751679000;2.66; 0.137315785; 0.284223719; 0.045176631; 0.002005099; false; 0.338721129; 0.685060162
/home/experiments/nfa-bench/benchmarks/presburger-explicit/complement/UltimateAutomizer/nested9_true-unreach-call.i_1879.0.mata;0.26; 0.1212508000;0.0097162; 0.1180234000; 0.0003164000; False; 0.1429543000; 0.3872453000;1.1; 0.1092976000;0.010716; 0.1110561000; 0.0003631000; False; 0.1252703000; 0.3045960000;2.49; 0.18036666; 0.421011613; 0.067380841; 0.001860333; false; 0.496728331; 0.969368696
/home/experiments/nfa-bench/benchmarks/presburger-explicit/complement/UltimateAutomizer/nested9_true-unreach-call.i_1887.0.mata;0.26; 0.0728043000;0.008904800000000001; 0.1079952000; 0.0003380000; False; 0.1199633000; 0.2595124000;1.02; 0.0839949000;0.0096096; 0.0931162000; 0.0002970000; False; 0.1055690000; 0.2906051000;2.58; 0.129264467; 0.279929505; 0.049858762; 0.002042081; false; 0.342035256; 0.786850179
/home/experiments/nfa-bench/benchmarks/presburger-explicit/complement/UltimateAutomizer/nested9_true-unreach-call.i_1897.0.mata;0.25; 0.0702292000;0.009800999999999999; 0.1018314000; 0.0002587000; False; 0.1146168000; 0.2532870000;1.07; 0.1495313000;0.0122984; 0.1109812000; 0.0002384000; False; 0.1265131000; 0.3898642000;2.59; 0.122751274; 0.205460287; 0.044342773; 0.006779916; false; 0.262469776; 0.637835664
/home/experiments/nfa-bench/benchmarks/presburger-explicit/complement/UltimateAutomizer/nested9_true-unreach-call.i_277.0.mata;0.26; 0.1812355000;0.023110000000000002; 0.2010251000; 0.0002991000; False; 0.2280169000; 0.5065837000;0.91; 0.0674401000;0.0096604; 0.1199480000; 0.0002890000; False; 0.1324038000; 0.2627470000;2.47; 0.070361739; 0.360995617; 0.057288809; 0.004932249; false; 0.449927722; 0.784393397
/home/experiments/nfa-bench/benchmarks/presburger-explicit/complement/UltimateAutomizer/nested9_true-unreach-call.i_357.0.mata;0.22; 0.0554828000;0.0097595; 0.1554864000; 0.0003063000; False; 0.1711280000; 0.2815075000;0.94; 0.0399058000;0.0096252; 0.0811543000; 0.0002451000; False; 0.0935913000; 0.1734508000;2.13; 0.191445297; 0.237716288; 0.042434212; 0.002372972; false; 0.289357302; 0.707385899
/home/experiments/nfa-bench/benchmarks/presburger-explicit/complement/UltimateAutomizer/nested9_true-unreach-call.i_378.0.mata;0.23; 0.1176959000;0.009733499999999999; 0.1241078000; 0.0003256000; False; 0.1369176000; 0.3723584000;1.01; 0.0551593000;0.009903; 0.1134683000; 0.0002384000; False; 0.1260805000; 0.2346815000;1.98; 0.065935744; 0.23322508; 0.047478929; 0.00276785; false; 0.299869942; 0.625874233
/home/experiments/nfa-bench/benchmarks/presburger-explicit/complement/UltimateAutomizer/nested9_true-unreach-call.i_379.0.mata;0.18; 0.0727330000;0.0057218; 0.0545321000; 0.0001826000; False; 0.0622893000; 0.2129170000;0.89; 0.0444587000;0.0068881; 0.0591228000; 0.0001398000; False; 0.0682752000; 0.1620897000;2.21; 0.11494059; 0.222590286; 0.032487655; 0.001994855; false; 0.263468906; 0.611177412
/home/experiments/nfa-bench/benchmarks/presburger-explicit/complement/UltimateAutomizer/nested9_true-unreach-call.i_447.0.mata;0.2; 0.0672707000;0.018588999999999998; 0.1121154000; 0.0001645000; False; 0.1342265000; 0.3121504000;0.9; 0.0656055000;0.008125199999999999; 0.0812002000; 0.0002783000; False; 0.0923315000; 0.2615521000;1.74; 0.060428637; 0.148365382; 0.021980045; 0.00220303; false; 0.179746486; 0.395898353
/home/experiments/nfa-bench/benchmarks/presburger-explicit/complement/UltimateAutomizer/nested9_true-unreach-call.i_470.0.mata;0.23; 0.0622176000;0.0092151; 0.0854172000; 0.0003461000; False; 0.0980651000; 0.2570849000;0.93; 0.1026000000;0.014632000000000001; 0.1363560000; 0.0002312000; False; 0.1632549000; 0.3603555000;2.4; 0.131936126; 0.216486126; 0.033822329; 0.002374367; false; 0.26669002; 0.645077419
/home/experiments/nfa-bench/benchmarks/presburger-explicit/complement/UltimateAutomizer/nested9_true-unreach-call.i_473.0.mata;0.21; 0.0868856000;0.0081543; 0.0723342000; 0.0007785000; False; 0.0840696000; 0.2619101000;1.0; 0.0991632000;0.0251736; 0.1050156000; 0.0003936000; False; 0.1383137000; 0.3303609000;2.42; 0.094942928; 0.243451465; 0.036814273; 0.002142873; false; 0.289507659; 0.605167383
/home/experiments/nfa-bench/benchmarks/presburger-explicit/complement/UltimateAutomizer/nested9_true-unreach-call.i_497.0.mata;0.22; 0.1030629000;0.0091219; 0.0709645000; 0.0002326000; False; 0.0826689000; 0.2727707000;1.01; 0.1086660000;0.0193633; 0.1495360000; 0.0003299000; False; 0.1719679000; 0.3575568000;2.43; 0.093707112; 0.274179341; 0.062322075; 0.002012171; false; 0.366626217; 0.812434158
/home/experiments/nfa-bench/benchmarks/presburger-explicit/complement/UltimateAutomizer/nested9_true-unreach-call.i_507.0.mata;0.2; 0.0557057000;0.008789700000000001; 0.0742886000; 0.0002037000; False; 0.0858366000; 0.2064031000;0.96; 0.0695962000;0.0094479; 0.0917801000; 0.0003447000; False; 0.1042719000; 0.2360504000;2.68; 0.117560961; 0.204552536; 0.034930633; 0.002057986; false; 0.24915221; 0.690531078
/home/experiments/nfa-bench/benchmarks/presburger-explicit/complement/UltimateAutomizer/nested9_true-unreach-call.i_527.0.mata;0.2; 0.0637093000;0.0110291; 0.0827217000; 0.0002024000; False; 0.0965547000; 0.2510809000;0.95; 0.0480967000;0.0094772; 0.0819444000; 0.0003268000; False; 0.0943841000; 0.2004427000;1.89; 0.073394032; 0.157686292; 0.065052118; 0.002592978; false; 0.244732926; 0.507218378
/home/experiments/nfa-bench/benchmarks/presburger-explicit/complement/UltimateAutomizer/nested9_true-unreach-call.i_537.0.mata;0.2; 0.0409305000;0.0083415; 0.0748330000; 0.0001554000; False; 0.0857261000; 0.1959670000;0.95; 0.0538325000;0.009826099999999999; 0.0979605000; 0.0003110000; False; 0.1140427000; 0.2568224000;1.94; 0.064968169; 0.193982773; 0.047334185; 0.002062528; false; 0.252973721; 0.5242078
/home/experiments/nfa-bench/benchmarks/presburger-explicit/complement/UltimateAutomizer/nested9_true-unreach-call.i_573.0.mata;0.22; 0.0548581000;0.0098559; 0.0867958000; 0.0003214000; False; 0.0999900000; 0.2479613000;0.98; 0.0472841000;0.008737000000000002; 0.1248373000; 0.0002846000; False; 0.1368166000; 0.2443699000;1.77; 0.080479577; 0.145647177; 0.046330824; 0.003400336; false; 0.201407293; 0.497272656
/home/experiments/nfa-bench/benchmarks/presburger-explicit/complement/UltimateAutomizer/nested9_true-unreach-call.i_574.0.mata;0.21; 0.0566128000;0.0072932; 0.0851367000; 0.0002241000; False; 0.0954481000; 0.2170883000;0.94; 0.0499770000;0.0096142; 0.0785035000; 0.0002751000; False; 0.0909664000; 0.1975854000;1.93; 0.070621955; 0.183545425; 0.068826612; 0.015159776; false; 0.291408739; 0.58724555
/home/experiments/nfa-bench/benchmarks/presburger-explicit/complement/UltimateAutomizer/nested9_true-unreach-call.i_575.0.mata;0.18; 0.0706067000;0.0065546; 0.0736515000; 0.0002603000; False; 0.0825140000; 0.2329187000;0.98; 0.0433673000;0.0066734; 0.1265199000; 0.0003065000; False; 0.1356363000; 0.2237223000;1.97; 0.084537378; 0.152421646; 0.042934071; 0.002122504; false; 0.20425028; 0.464049746
/home/experiments/nfa-bench/benchmarks/presburger-explicit/complement/UltimateAutomizer/nested9_true-unreach-call.i_627.0.mata;0.21; 0.0534082000;0.0091618; 0.0782177000; 0.0001999000; False; 0.0899775000; 0.2572220000;0.93; 0.0442695000;0.006855600000000001; 0.0747076000; 0.0002835000; False; 0.0841997000; 0.2065684000;2.16; 0.131899198; 0.234569335; 0.038023976; 0.001951695; false; 0.280798377; 0.611990004
/home/experiments/nfa-bench/benchmarks/presburger-explicit/complement/UltimateAutomizer/nested9_true-unreach-call.i_637.0.mata;0.23; 0.0656964000;0.009725200000000002; 0.0845982000; 0.0008694000; False; 0.0977182000; 0.2342480000;1.01; 0.0557338000;0.023674; 0.1141399000; 0.0003329000; False; 0.1406837000; 0.2441772000;2.34; 0.099211185; 0.251105777; 0.038052671; 0.002473913; false; 0.298903001; 0.597329357
/home/experiments/nfa-bench/benchmarks/presburger-explicit/complement/UltimateAutomizer/nested9_true-unreach-call.i_670.0.mata;0.2; 0.0907363000;0.0105322; 0.1451954000; 0.0002334000; False; 0.1593533000; 0.3576872000;1.04; 0.0560996000;0.01024; 0.1782046000; 0.0001998000; False; 0.1913313000; 0.3512801000;1.95; 0.062833237; 0.212857386; 0.045229032; 0.007949792; false; 0.273659339; 0.497737962
/home/experiments/nfa-bench/benchmarks/presburger-explicit/complement/UltimateAutomizer/nested9_true-unreach-call.i_7.0.mata;0.2; 0.0646522000;0.0107861; 0.0693393000; 0.0001816000; False; 0.0833634000; 0.2314248000;0.93; 0.0451745000;0.0100537; 0.1189876000; 0.0002343000; False; 0.1344971000; 0.2288376000;1.55; 0.081562334; 0.109213562; 0.026850871; 0.002146028; false; 0.145177196; 0.414908029
/home/experiments/nfa-bench/benchmarks/presburger-explicit/complement/UltimateAutomizer/nested9_true-unreach-call.i_703.0.mata;0.29; 0.1184785000;0.0254223; 0.1528375000; 0.0002624000; False; 0.1832628000; 0.4458089000;1.06; 0.0889371000;0.0118034; 0.1775615000; 0.0002752000; False; 0.1977518000; 0.3755798000;2.79; 0.133996823; 0.232971465; 0.050082076; 0.002039233; false; 0.305341371; 0.691085259
/home/experiments/nfa-bench/benchmarks/presburger-explicit/complement/UltimateAutomizer/nested9_true-unreach-call.i_707.0.mata;0.3; 0.1109339000;0.0102906; 0.1221186000; 0.0003405000; False; 0.1357747000; 0.3651631000;1.04; 0.0838205000;0.0110822; 0.1297484000; 0.0003721000; False; 0.1444971000; 0.3057735000;2.92; 0.163308175; 0.301997233; 0.061500961; 0.002341799; false; 0.380339962; 0.842235504
/home/experiments/nfa-bench/benchmarks/presburger-explicit/complement/UltimateAutomizer/nested9_true-unreach-call.i_71.0.mata;0.21; 0.0553512000;0.0092521; 0.0793700000; 0.0003033000; False; 0.0917879000; 0.2073432000;0.96; 0.0544038000;0.0164844; 0.1472975000; 0.0002677000; False; 0.1666418000; 0.2759911000;2.11; 0.120550839; 0.200680605; 0.037247261; 0.002434782; false; 0.248009032; 0.543688195
/home/experiments/nfa-bench/benchmarks/presburger-explicit/complement/UltimateAutomizer/nested9_true-unreach-call.i_713.0.mata;0.28; 0.1369625000;0.0062548000000000005; 0.1495840000; 0.0003721000; False; 0.1584614000; 0.4118185000;1.04; 0.0837886000;0.0082865; 0.1099653000; 0.0003290000; False; 0.1207334000; 0.2739149000;2.66; 0.102092758; 0.263809079; 0.043659166; 0.002311363; false; 0.316571731; 0.732351439
/home/experiments/nfa-bench/benchmarks/presburger-explicit/complement/UltimateAutomizer/nested9_true-unreach-call.i_720.0.mata;0.29; 0.0862181000;0.0095971; 0.1606924000; 0.0003310000; False; 0.1731536000; 0.3766303000;0.95; 0.1021987000;0.0235915; 0.2233811000; 0.0003447000; False; 0.2524673000; 0.4155994000;2.91; 0.185229035; 0.339500458; 0.027629513; 0.001981817; false; 0.375330426; 0.880904748
/home/experiments/nfa-bench/benchmarks/presburger-explicit/complement/UltimateAutomizer/nested9_true-unreach-call.i_725.0.mata;0.27; 0.0821389000;0.0097806; 0.1048179000; 0.0002997000; False; 0.1174723000; 0.2848465000;1.03; 0.0819845000;0.0087989; 0.1779552000; 0.0003139000; False; 0.1897488000; 0.3791612000;2.65; 0.135290144; 0.1764624; 0.028312254; 0.023349746; false; 0.245898686; 0.733479527
/home/experiments/nfa-bench/benchmarks/presburger-explicit/complement/UltimateAutomizer/nested9_true-unreach-call.i_728.0.mata;0.28; 0.1175614000;0.009704899999999999; 0.2050288000; 0.0008051000; False; 0.2181380000; 0.3996552000;0.97; 0.0867549000;0.0092994; 0.1020829000; 0.0002243000; False; 0.1141255000; 0.2725032000;2.91; 0.173626589; 0.240129406; 0.037626125; 0.002273535; false; 0.287377209; 0.761441263
/home/experiments/nfa-bench/benchmarks/presburger-explicit/complement/UltimateAutomizer/nested9_true-unreach-call.i_73.0.mata;0.21; 0.0572212000;0.010103; 0.0606194000; 0.0003241000; False; 0.0736776000; 0.1978603000;0.98; 0.0552076000;0.0097376; 0.0767932000; 0.0003413000; False; 0.0895133000; 0.1969924000;2.12; 0.090209523; 0.182900293; 0.034639007; 0.002352587; false; 0.226775656; 0.538783461
/home/experiments/nfa-bench/benchmarks/presburger-explicit/complement/UltimateAutomizer/nested9_true-unreach-call.i_744.0.mata;0.27; 0.1309664000;0.0090968; 0.1056223000; 0.0005046000; False; 0.1177551000; 0.3918932000;1.02; 0.1014809000;0.0205645; 0.1869917000; 0.0003660000; False; 0.2187420000; 0.4313524000;2.82; 0.126833938; 0.261709544; 0.03156282; 0.010965755; false; 0.310672322; 0.771143694
/home/experiments/nfa-bench/benchmarks/presburger-explicit/complement/UltimateAutomizer/nested9_true-unreach-call.i_746.0.mata;0.28; 0.1136171000;0.0188491; 0.1794830000; 0.0003746000; False; 0.2010744000; 0.4554714000;0.99; 0.0821016000;0.0098511; 0.1069822000; 0.0003267000; False; 0.1199493000; 0.2683491000;2.6; 0.170492538; 0.196487841; 0.030930738; 0.002004476; false; 0.238702117; 0.775618892
/home/experiments/nfa-bench/benchmarks/presburger-explicit/complement/UltimateAutomizer/nested9_true-unreach-call.i_751.0.mata;0.26; 0.0707511000;0.009673999999999999; 0.1022160000; 0.0002724000; False; 0.1149675000; 0.2703183000;1.06; 0.0810424000;0.0095658; 0.1088412000; 0.0002882000; False; 0.1216431000; 0.2728132000;3.07; 0.208418642; 0.368495955; 0.081801802; 0.002018589; false; 0.462490924; 1.007732506
/home/experiments/nfa-bench/benchmarks/presburger-explicit/complement/UltimateAutomizer/nested9_true-unreach-call.i_753.0.mata;0.29; 0.0821415000;0.0096279; 0.1112546000; 0.0003171000; False; 0.1240872000; 0.2834032000;1.07; 0.1131924000;0.010449199999999999; 0.1125029000; 0.0003387000; False; 0.1263233000; 0.3610537000;2.72; 0.230655128; 0.282004851; 0.066127825; 0.01208566; false; 0.364989669; 0.927999199
/home/experiments/nfa-bench/benchmarks/presburger-explicit/complement/UltimateAutomizer/nested9_true-unreach-call.i_755.0.mata;0.26; 0.1566587000;0.0224536; 0.1317383000; 0.0003073000; False; 0.1571222000; 0.4741150000;1.04; 0.0988635000;0.0136356; 0.1083493000; 0.0002005000; False; 0.1248952000; 0.3543802000;2.94; 0.178322628; 0.205397215; 0.040353242; 0.012189448; false; 0.282589226; 0.777207543
/home/experiments/nfa-bench/benchmarks/presburger-explicit/complement/UltimateAutomizer/nested9_true-unreach-call.i_762.0.mata;0.28; 0.0947505000;0.009966099999999999; 0.1110474000; 0.0003131000; False; 0.1241936000; 0.3160679000;0.98; 0.0871166000;0.0098594; 0.1165835000; 0.0003985000; False; 0.1439422000; 0.3188036000;2.72; 0.108320241; 0.275599179; 0.053090751; 0.011568661; false; 0.348047324; 0.726946942
/home/experiments/nfa-bench/benchmarks/presburger-explicit/complement/UltimateAutomizer/nested9_true-unreach-call.i_763.0.mata;0.28; 0.0771287000;0.010354700000000001; 0.1811838000; 0.0002356000; False; 0.1948699000; 0.3446098000;0.92; 0.1043155000;0.010151599999999998; 0.1085373000; 0.0003383000; False; 0.1215634000; 0.3319868000;2.64; 0.107414333; 0.307783964; 0.057398929; 0.002112982; false; 0.385546876; 0.717181416
/home/experiments/nfa-bench/benchmarks/presburger-explicit/complement/UltimateAutomizer/nested9_true-unreach-call.i_766.0.mata;0.28; 0.0890991000;0.0110009; 0.1489657000; 0.0003728000; False; 0.1728971000; 0.4147084000;0.96; 0.0676802000;0.0077019; 0.0867001000; 0.0003543000; False; 0.0972263000; 0.2348532000;2.61; 0.153171276; 0.242906266; 0.0375944; 0.00190468; false; 0.293816886; 0.742873751
/home/experiments/nfa-bench/benchmarks/presburger-explicit/complement/UltimateAutomizer/nested9_true-unreach-call.i_775.0.mata;0.26; 0.0710022000;0.0101712; 0.1399411000; 0.0003677000; False; 0.1529258000; 0.2904179000;1.09; 0.0759413000;0.0098391; 0.1103610000; 0.0002624000; False; 0.1234363000; 0.2720707000;2.47; 0.10909545; 0.233581005; 0.019573732; 0.001342289; false; 0.259204228; 0.63030154
/home/experiments/nfa-bench/benchmarks/presburger-explicit/complement/UltimateAutomizer/nested9_true-unreach-call.i_780.0.mata;0.27; 0.0715936000;0.0099569; 0.1067547000; 0.0003235000; False; 0.1195538000; 0.2967316000;1.06; 0.0874212000;0.0101847; 0.1472909000; 0.0002626000; False; 0.1605952000; 0.3556339000;2.64; 0.094372382; 0.233365824; 0.033151427; 0.002252944; false; 0.279076953; 0.694850642
/home/experiments/nfa-bench/benchmarks/presburger-explicit/complement/UltimateAutomizer/nested9_true-unreach-call.i_785.0.mata;0.25; 0.0813301000;0.0214592; 0.1266301000; 0.0003422000; False; 0.1512170000; 0.2960412000;1.02; 0.0815268000;0.0098079; 0.1070711000; 0.0002916000; False; 0.1195853000; 0.2852185000;2.66; 0.150663594; 0.300747408; 0.082450941; 0.002418542; false; 0.407956067; 0.874615514
/home/experiments/nfa-bench/benchmarks/presburger-explicit/complement/UltimateAutomizer/nested9_true-unreach-call.i_788.0.mata;0.29; 0.0937963000;0.010459000000000001; 0.1172451000; 0.0003362000; False; 0.1309031000; 0.3337815000;1.05; 0.0817113000;0.0104297; 0.1116631000; 0.0003375000; False; 0.1250150000; 0.3095081000;2.74; 0.107973403; 0.219583709; 0.058443329; 0.001551959; false; 0.285461654; 0.849346863
/home/experiments/nfa-bench/benchmarks/presburger-explicit/complement/UltimateAutomizer/nested9_true-unreach-call.i_807.0.mata;0.27; 0.1203088000;0.0204279; 0.1268820000; 0.0003632000; False; 0.1529902000; 0.3800779000;1.04; 0.0817220000;0.009961000000000001; 0.1078723000; 0.0003544000; False; 0.1206577000; 0.2718967000;2.65; 0.088390298; 0.310309988; 0.041152921; 0.007300457; false; 0.385877892; 0.792047402
/home/experiments/nfa-bench/benchmarks/presburger-explicit/complement/UltimateAutomizer/nested9_true-unreach-call.i_817.0.mata;0.27; 0.0902260000;0.009197; 0.1083725000; 0.0003361000; False; 0.1205020000; 0.3183604000;1.05; 0.1000235000;0.0105293; 0.1378892000; 0.0003681000; False; 0.1516341000; 0.3604955000;2.76; 0.154675754; 0.282431387; 0.041005173; 0.002387169; false; 0.335050778; 0.90265261
/home/experiments/nfa-bench/benchmarks/presburger-explicit/complement/UltimateAutomizer/nested9_true-unreach-call.i_870.0.mata;0.26; 0.0856224000;0.010394; 0.1023450000; 0.0003103000; False; 0.1156157000; 0.3249265000;0.99; 0.0731557000;0.0100254; 0.0984010000; 0.0003231000; False; 0.1113009000; 0.2390323000;2.93; 0.12752332; 0.32859913; 0.073162145; 0.001905964; false; 0.421203363; 0.825433462
/home/experiments/nfa-bench/benchmarks/presburger-explicit/complement/UltimateAutomizer/nested9_true-unreach-call.i_887.0.mata;0.24; 0.0852459000;0.009645500000000001; 0.0893925000; 0.0003355000; False; 0.1023006000; 0.2972763000;1.02; 0.1410931000;0.0101801; 0.0930642000; 0.0003638000; False; 0.1063724000; 0.3627012000;2.4; 0.125947552; 0.255697379; 0.065830542; 0.002392287; false; 0.331351455; 0.785389505
/home/experiments/nfa-bench/benchmarks/presburger-explicit/complement/UltimateAutomizer/nested9_true-unreach-call.i_927.0.mata;0.23; 0.0612499000;0.0097544; 0.0965498000; 0.0003047000; False; 0.1095955000; 0.2335504000;0.95; 0.0705568000;0.0100169; 0.1026639000; 0.0003919000; False; 0.1155643000; 0.2931783000;2.07; 0.068877854; 0.230095765; 0.058807668; 0.002158407; false; 0.310546228; 0.636324188
/home/experiments/nfa-bench/benchmarks/presburger-explicit/complement/UltimateAutomizer/nested9_true-unreach-call.i_947.0.mata;0.27; 0.1069561000;0.0128514; 0.1063578000; 0.0003184000; False; 0.1224324000; 0.3028643000;0.95; 0.0612407000;0.0089481; 0.0907331000; 0.0001884000; False; 0.1023339000; 0.2281995000;2.58; 0.11060162; 0.207702888; 0.060500581; 0.002324839; false; 0.285277842; 0.652370841
/home/experiments/nfa-bench/benchmarks/presburger-explicit/complement/UltimateAutomizer/recHanoi03_true-unreach-call_true-termination.c_1478.0.mata;0.33; 0.1631047000;0.009083899999999999; 0.0557259000; 0.0002059000; False; 0.0674548000; 0.3372756000;1.14; 0.2220730000;0.0093175; 0.0508708000; 0.0001984000; False; 0.0631484000; 0.4234969000;3.03; 0.30683218; 0.207459172; 0.048464409; 0.002206381; false; 0.26611874; 0.99172548
/home/experiments/nfa-bench/benchmarks/presburger-explicit/complement/UltimateAutomizer/recHanoi03_true-unreach-call_true-termination.c_1735.0.mata;0.14; 0.0311918000;0.0078483; 0.0314437000; 0.0001359000; False; 0.0414002000; 0.1512774000;0.89; 0.0428870000;0.0084741; 0.0433013000; 0.0001807000; False; 0.0546352000; 0.1522081000;1.3; 0.088751395; 0.087729831; 0.030322999; 0.001467097; false; 0.124266299; 0.420644471
/home/experiments/nfa-bench/benchmarks/presburger-explicit/complement/UltimateAutomizer/recHanoi03_true-unreach-call_true-termination.c_1757.0.mata;0.28; 0.1219481000;0.0099218; 0.0588502000; 0.0002237000; False; 0.0720326000; 0.3320047000;1.07; 0.1218356000;0.006927399999999999; 0.0562328000; 0.0002130000; False; 0.0663645000; 0.3132248000;2.82; 0.296514137; 0.140203269; 0.083969397; 0.002053153; false; 0.23342153; 0.916707715
/home/experiments/nfa-bench/benchmarks/presburger-explicit/complement/UltimateAutomizer/recHanoi03_true-unreach-call_true-termination.c_2147.0.mata;0.19; 0.0503665000;0.010389299999999999; 0.0510831000; 0.0002436000; False; 0.0648662000; 0.1770976000;0.93; 0.0338533000;0.0079438; 0.0400125000; 0.0001635000; False; 0.0503240000; 0.1252978000;1.49; 0.072466288; 0.134806421; 0.034803304; 0.002196239; false; 0.179193227; 0.508525864
/home/experiments/nfa-bench/benchmarks/presburger-explicit/complement/UltimateAutomizer/recHanoi03_true-unreach-call_true-termination.c_2175.0.mata;0.25; 0.1056319000;0.0090609; 0.0572337000; 0.0001984000; False; 0.0692241000; 0.2536571000;0.93; 0.0765498000;0.006736799999999999; 0.0509633000; 0.0002015000; False; 0.0604811000; 0.1953519000;2.77; 0.148475042; 0.197709086; 0.080208993; 0.013471697; false; 0.296335388; 0.840482673
/home/experiments/nfa-bench/benchmarks/presburger-explicit/complement/UltimateAutomizer/recHanoi03_true-unreach-call_true-termination.c_2715.0.mata;0.25; 0.1493452000;0.0097369; 0.0479128000; 0.0001299000; False; 0.0605987000; 0.2723837000;0.99; 0.1209711000;0.00929; 0.0560159000; 0.0001792000; False; 0.0679187000; 0.2716190000;3.0; 0.363890832; 0.29190705; 0.09036393; 0.003670651; false; 0.413026018; 1.132197646
/home/experiments/nfa-bench/benchmarks/presburger-explicit/complement/UltimateAutomizer/recHanoi03_true-unreach-call_true-termination.c_2746.0.mata;2.18; 1.7170962000;0.0098235; 0.0560600000; 0.0002301000; False; 0.0692068000; 2.3886177000;2.84; 1.6859791000;0.0091993; 0.0462576000; 0.0001452000; False; 0.0585157000; 2.3310468000;8.26; 1.742701549; 1.367953563; 0.066226126; 0.002422134; false; 1.444250032; 4.855282686
/home/experiments/nfa-bench/benchmarks/presburger-explicit/complement/UltimateAutomizer/recHanoi03_true-unreach-call_true-termination.c_278.0.mata;0.35; 0.2282812000;0.0084566; 0.0512547000; 0.0002045000; False; 0.0626846000; 0.4377477000;1.2; 0.2031855000;0.010172700000000002; 0.0564790000; 0.0002674000; False; 0.0696911000; 0.3764252000;3.34; 0.358373977; 0.212188997; 0.046923822; 0.002181871; false; 0.270583589; 1.070468021
/home/experiments/nfa-bench/benchmarks/presburger-explicit/complement/UltimateAutomizer/recHanoi03_true-unreach-call_true-termination.c_287.0.mata;2.3; 1.8260583000;0.0083546; 0.0539141000; 0.0001804000; False; 0.0650553000; 2.5005180000;3.02; 1.7196160000;0.0086374; 0.0382850000; 0.0001922000; False; 0.0498398000; 2.2990337000;6.99; 1.722319449; 1.187253465; 0.076777682; 0.002291599; false; 1.273281837; 4.505694932
/home/experiments/nfa-bench/benchmarks/presburger-explicit/complement/UltimateAutomizer/recHanoi03_true-unreach-call_true-termination.c_3227.0.mata;0.24; 0.1186747000;0.010572400000000001; 0.0490311000; 0.0001585000; False; 0.0616619000; 0.3094681000;0.84; 0.0601063000;0.0058171; 0.0349841000; 0.0001358000; False; 0.0427985000; 0.1501982000;2.93; 0.292818088; 0.234899109; 0.107869576; 0.001840151; false; 0.351029303; 1.125030273
/home/experiments/nfa-bench/benchmarks/presburger-explicit/complement/UltimateAutomizer/recHanoi03_true-unreach-call_true-termination.c_367.0.mata;1.97; 1.5199560000;0.010053999999999999; 0.0552326000; 0.0001833000; False; 0.0682962000; 2.4259603000;2.88; 1.6974185000;0.0054745; 0.0474233000; 0.0001544000; False; 0.0547309000; 2.4054332000;7.34; 1.465058877; 1.099536961; 0.111745626; 0.00213756; false; 1.232383583; 4.119134293
/home/experiments/nfa-bench/benchmarks/presburger-explicit/complement/UltimateAutomizer/recHanoi03_true-unreach-call_true-termination.c_3872.0.mata;0.17; 0.0509239000;0.0176641; 0.0466568000; 0.0002183000; False; 0.0674303000; 0.1768355000;0.96; 0.0409946000;0.0091378; 0.0431364000; 0.0001686000; False; 0.0550709000; 0.1548289000;1.42; 0.091138645; 0.078531059; 0.030241084; 0.001921274; false; 0.125072109; 0.358338209
/home/experiments/nfa-bench/benchmarks/presburger-explicit/complement/UltimateAutomizer/recHanoi03_true-unreach-call_true-termination.c_557.0.mata;2.05; 1.5783909000;0.0074618; 0.0330398000; 0.0001323000; False; 0.0425643000; 2.3012757000;2.71; 1.6884554000;0.007046; 0.0545755000; 0.0002279000; False; 0.0648285000; 2.1762437000;7.06; 1.492780679; 1.152627148; 0.084018786; 0.002362639; false; 1.259108351; 3.898568611
/home/experiments/nfa-bench/benchmarks/presburger-explicit/complement/UltimateAutomizer/recHanoi03_true-unreach-call_true-termination.c_597.0.mata;4.27; 3.6437427000;0.0144697; 0.0973537000; 0.0002407000; False; 0.1227526000; 4.9565210000;4.14; 3.0261470000;0.0091149; 0.0716546000; 0.0002229000; False; 0.0838975000; 4.0647093000;10.66; 3.008165466; 1.814915746; 0.149397386; 0.003036274; false; 1.979289078; 7.215589775
/home/experiments/nfa-bench/benchmarks/presburger-explicit/complement/UltimateAutomizer/recHanoi03_true-unreach-call_true-termination.c_73.0.mata;0.17; 0.0601818000;0.0099763; 0.0457008000; 0.0002309000; False; 0.0590878000; 0.2337990000;0.97; 0.0425852000;0.009497499999999999; 0.0446691000; 0.0001844000; False; 0.0574425000; 0.1567364000;1.41; 0.041746301; 0.058849859; 0.03045994; 0.001905269; false; 0.096641259; 0.362616143
/home/experiments/nfa-bench/benchmarks/presburger-explicit/complement/UltimateAutomizer/recHanoi03_true-unreach-call_true-termination.c_847.0.mata;0.13; 0.0334920000;0.0059294; 0.0422471000; 0.0001402000; False; 0.0502440000; 0.1280162000;0.88; 0.0425388000;0.0102494; 0.0446670000; 0.0001711000; False; 0.0577929000; 0.1581438000;1.42; 0.066834691; 0.088445495; 0.026030249; 0.001912598; false; 0.122969142; 0.34162511
/home/experiments/nfa-bench/benchmarks/presburger-explicit/complement/UltimateAutomizer/recHanoi03_true-unreach-call_true-termination.c_874.0.mata;0.17; 0.0442258000;0.009432800000000002; 0.0434408000; 0.0002184000; False; 0.0558897000; 0.1575094000;0.98; 0.0403795000;0.0082743; 0.0509018000; 0.0001755000; False; 0.0618201000; 0.1534604000;1.35; 0.0422264; 0.059139988; 0.024122566; 0.002144621; false; 0.102901513; 0.26694308
/home/experiments/nfa-bench/benchmarks/presburger-explicit/complement/UltimateAutomizer/recHanoi03_true-unreach-call_true-termination.c_876.0.mata;0.17; 0.0828699000;0.0094114; 0.0455728000; 0.0002031000; False; 0.0579310000; 0.2172812000;0.83; 0.0456631000;0.0093319; 0.0460319000; 0.0002002000; False; 0.0583016000; 0.1589346000;1.53; 0.045220852; 0.084230233; 0.031215657; 0.002087628; false; 0.124241301; 0.338330812
/home/experiments/nfa-bench/benchmarks/presburger-explicit/complement/tptp/ARI056_1.mata;0.13; 0.0355757000;0.005453100000000001; 0.0251392000; 0.0001159000; False; 0.0325435000; 0.1208667000;0.81; 0.0226994000;0.006067599999999999; 0.0261871000; 0.0001241000; False; 0.0342631000; 0.0904823000;1.02; 0.01240209; 0.038913497; 0.015208607; 0.001702787; false; 0.062687432; 0.150380741
/home/experiments/nfa-bench/benchmarks/presburger-explicit/complement/tptp/ARI083_1.mata;0.12; 0.0248089000;0.006018; 0.0294712000; 0.0001399000; False; 0.0373806000; 0.1173726000;0.77; 0.0227639000;0.0056386000000000006; 0.0269627000; 0.0001261000; False; 0.0345259000; 0.0988824000;1.17; 0.020949464; 0.071339435; 0.031536503; 0.001900585; false; 0.111349183; 0.212505659
/home/experiments/nfa-bench/benchmarks/presburger-explicit/complement/tptp/ARI590_1.mata;0.16; 0.0431938000;0.0069372999999999995; 0.0472938000; 0.0001937000; False; 0.0569969000; 0.1644767000;0.93; 0.0428599000;0.010407000000000001; 0.0485855000; 0.0002047000; False; 0.0619763000; 0.1890095000;1.04; 0.019071561; 0.050650312; 0.014335497; 0.00191753; false; 0.073513868; 0.18246955
/home/experiments/nfa-bench/benchmarks/presburger-explicit/complement/tptp/ARI591_1.mata;0.17; 0.0383565000;0.009731; 0.0476592000; 0.0002085000; False; 0.0608881000; 0.1783304000;0.82; 0.0663731000;0.0084265; 0.0425960000; 0.0001224000; False; 0.0537293000; 0.1792492000;1.13; 0.018128989; 0.08181627; 0.013462145; 0.001791117; false; 0.103731095; 0.2042825
/home/experiments/nfa-bench/benchmarks/presburger-explicit/complement/tptp/NUM868_1.mata;0.16; 0.0370243000;0.009068300000000001; 0.0420141000; 0.0001970000; False; 0.0537916000; 0.1487651000;0.9; 0.0343965000;0.0073047; 0.0333858000; 0.0001373000; False; 0.0433656000; 0.1242494000;0.99; 0.015010876; 0.044354718; 0.015209052; 0.001848631; false; 0.06774385; 0.17591423
/home/experiments/nfa-bench/benchmarks/presburger-explicit/complement/tptp/NUM869_1.mata;0.15; 0.0386878000;0.007443; 0.0326771000; 0.0001458000; False; 0.0421754000; 0.1661227000;0.85; 0.0580559000;0.0065287999999999995; 0.0362316000; 0.0001216000; False; 0.0449620000; 0.1924017000;1.01; 0.015441883; 0.045227793; 0.018342125; 0.002413836; false; 0.073877971; 0.181663427
/home/experiments/nfa-bench/benchmarks/presburger-explicit/complement/tptp/NUM870_1.mata;0.09; 0.0222255000;0.0058373; 0.0251960000; 0.0001180000; False; 0.0330215000; 0.0903235000;0.84; 0.0526729000;0.024166399999999998; 0.0398271000; 0.0001821000; False; 0.0667454000; 0.1805636000;1.1; 0.017330351; 0.057540208; 0.015605512; 0.002171558; false; 0.082056751; 0.195715401
/home/experiments/nfa-bench/benchmarks/presburger-explicit/complement/tptp/NUM871_1.mata;0.16; 0.0360095000;0.009453000000000001; 0.0420993000; 0.0001879000; False; 0.0545174000; 0.1464971000;0.81; 0.0235137000;0.0092324; 0.0421200000; 0.0001900000; False; 0.0545172000; 0.1219928000;1.06; 0.023974128; 0.053861923; 0.019396462; 0.002093368; false; 0.081506645; 0.17959758
/home/experiments/nfa-bench/benchmarks/presburger-explicit/complement/tptp/NUM874_1.mata;0.16; 0.0370181000;0.0182088; 0.0715544000; 0.0001727000; False; 0.0967510000; 0.1995891000;0.78; 0.0224959000;0.0058219000000000005; 0.0345200000; 0.0002766000; False; 0.0426532000; 0.0984884000;1.01; 0.015772636; 0.070545815; 0.021835361; 0.002224182; false; 0.109920357; 0.233610416
/home/experiments/nfa-bench/benchmarks/presburger-explicit/complement/tptp/NUM896_1.mata;0.16; 0.0380090000;0.0087055; 0.0403111000; 0.0002106000; False; 0.0519952000; 0.1438855000;0.86; 0.0385219000;0.0096237; 0.0623476000; 0.0002457000; False; 0.0806760000; 0.1668927000;1.14; 0.034395833; 0.066259987; 0.021539286; 0.0017616; false; 0.095508578; 0.21018016
/home/experiments/nfa-bench/benchmarks/presburger-explicit/complement/tptp/NUM897_1.mata;0.16; 0.0374701000;0.0087076; 0.0418492000; 0.0001868000; False; 0.0534271000; 0.1499488000;0.88; 0.0384818000;0.0077578000000000005; 0.0442780000; 0.0002104000; False; 0.0547187000; 0.1473666000;1.12; 0.019916253; 0.069367746; 0.033971965; 0.002944162; false; 0.113888434; 0.25292001
/home/experiments/nfa-bench/benchmarks/presburger-explicit/complement/tptp/NUM898_1.mata;0.12; 0.0654188000;0.0059057; 0.0302729000; 0.0001216000; False; 0.0380069000; 0.1525321000;0.86; 0.0350806000;0.0082701; 0.0530813000; 0.0003053000; False; 0.0723762000; 0.1619945000;1.05; 0.019611115; 0.085345326; 0.041678668; 0.002358825; false; 0.137197993; 0.231330618
/home/experiments/nfa-bench/benchmarks/presburger-explicit/complement/tptp/NUM899_1.mata;0.16; 0.0392322000;0.008887699999999998; 0.0441151000; 0.0001826000; False; 0.0558098000; 0.1490391000;0.81; 0.0681750000;0.0088245; 0.0473614000; 0.0001909000; False; 0.0590986000; 0.1890830000;1.12; 0.035976558; 0.040373197; 0.014499229; 0.001590505; false; 0.06091377; 0.182524252
/home/experiments/nfa-bench/benchmarks/presburger-explicit/complement/tptp/NUM915_1.mata;0.14; 0.0358678000;0.0091419; 0.0346602000; 0.0001433000; False; 0.0466935000; 0.1342684000;0.77; 0.0487612000;0.0136291; 0.0838255000; 0.0002122000; False; 0.1081395000; 0.2389594000;0.98; 0.028879585; 0.048204915; 0.017297528; 0.002460151; false; 0.075417887; 0.203181559
/home/experiments/nfa-bench/benchmarks/presburger-explicit/complement/tptp/NUM916_1.mata;0.15; 0.0380376000;0.0085453; 0.0426533000; 0.0001713000; False; 0.0539834000; 0.1466282000;0.88; 0.0429673000;0.008927; 0.0418324000; 0.0001797000; False; 0.0536875000; 0.1664197000;1.06; 0.018592517; 0.03768136; 0.012826399; 0.002001759; false; 0.059116669; 0.184489526
/home/experiments/nfa-bench/benchmarks/presburger-explicit/complement/tptp/NUM917_1.mata;0.16; 0.0438590000;0.0061929; 0.0405935000; 0.0002039000; False; 0.0492126000; 0.1490528000;0.91; 0.0394533000;0.0082165; 0.0281323000; 0.0001417000; False; 0.0393930000; 0.1354463000;0.95; 0.012568155; 0.033849911; 0.009708157; 0.001303102; false; 0.050064904; 0.124513961
/home/experiments/nfa-bench/benchmarks/presburger-explicit/complement/tptp/NUM918_1.mata;0.15; 0.0388198000;0.0082711; 0.0303273000; 0.0001356000; False; 0.0414052000; 0.1350486000;0.72; 0.0232410000;0.0054775; 0.0261068000; 0.0001208000; False; 0.0336351000; 0.0882747000;0.83; 0.011897149; 0.029833323; 0.009037323; 0.001202284; false; 0.044784937; 0.102905822
