name;mata-runtime;mata-mataparsing;mata-mataminterm;mata-uni;mata-trim;mata-emptiness_check;mata-emptiness_check_result;mata-overall;vata-runtime;vata-mataparsing;vata-mataminterm;vata-construction;vata-uni;vata-trim;vata-emptiness_check;vata-emptiness_check_result;vata-overall;awali-runtime;awali-mataparsing;awali-mataminterm;awali-construction;awali-uni;awali-trim;awali-emptiness_check;awali-emptiness_check_result;awali-overall;pyfado-runtime;pyfado-construction;pyfado-conversion;pyfado-union;pyfado-trim;pyfado-emptiness;pyfado-result;pyfado-interpretation;pyfado-overall;pyautomata-lib-runtime;java-brics-runtime;java-brics-construction;java-brics-uni;java-brics-emptiness_check;java-brics-emptiness_result;java-brics-interpretation;java-brics-overall;mata-sim-runtime;mata-sim-mataparsing;mata-sim-mataminterm;mata-sim-uni;mata-sim-trim;mata-sim-emptiness_check;mata-sim-emptiness_check_result;mata-sim-overall;automata-min-runtime;automata-min-construction;automata-min-trim;automata-min-uni;automata-min-emptiness_check;automata-min-emptiness_result;automata-min-interpretation;automata-min-overall;java-automatalib-runtime;java-automatalib-construction
/home/experiments/nfa-bench/benchmarks/bool_comb/cox/diff_sat-50-lhs.mata,/home/experiments/nfa-bench/benchmarks/bool_comb/cox/diff_sat-50-rhs.mata;0.02;0.022949;0.011158;6.9e-05;4.4e-05;1.7e-05; false;0.036548;0.02;0.0152;0.010782;0.001431;0.000368;0.00036;0.000303; false;0.030697;0.02;0.014254;0.007094;0.000128;0.000537;0.000641;0.000269; false;0.024807;1.12;0.0371;0.0017;0.0052;0.0006;0.0015; False;0.0073;0.0464;TO;1.07;0.044418992;0.007844319;3.7622e-05; false;0.015781094;0.204414379;0.02;0.022876;0.010149;7.9e-05;4.7e-05;1.7e-05; false;0.035494;0.69;0.0430525;0.0073449;0.0058551;0.0002157; False;0.0153391;0.1448267;TO;0.04755087
/home/experiments/nfa-bench/benchmarks/bool_comb/cox/diff_sat-100-lhs.mata,/home/experiments/nfa-bench/benchmarks/bool_comb/cox/diff_sat-100-rhs.mata;0.05;0.046016;0.01664;0.000114;7.2e-05;4.1e-05; false;0.065209;0.03;0.029538;0.010149;0.001862;0.000656;0.000572;0.000817; false;0.045079;0.05;0.046178;0.017928;0.000456;0.000948;0.001386;0.000814; false;0.070702;1.24;0.081;0.008;0.0263;0.0013;0.0063; False;0.0339;0.1232;TO;1.18;0.039507501;0.002746907;2.1962e-05; false;0.00946149;0.198338537;0.03;0.028293;0.011222;0.000138;5.6e-05;2.1e-05; false;0.041405;0.86;0.0430947;0.0094308;0.0082414;0.0002611; False;0.0197886;0.1440602;TO;0.069706235
/home/experiments/nfa-bench/benchmarks/bool_comb/cox/diff_sat-1000-lhs.mata,/home/experiments/nfa-bench/benchmarks/bool_comb/cox/diff_sat-1000-rhs.mata;0.58;0.526696;0.11258;0.000574;0.000726;0.000104; false;0.652609;0.68;0.653493;0.125531;0.036136;0.008948;0.013161;0.015391; false;0.869166;0.67;0.867327;0.138649;0.00528;0.004813;0.011904;0.011991; false;1.06178;5.23;0.7773;0.5251;2.4224;0.0134;0.5652; False;3.0012;4.3056;TO;2.67;0.1951381469999999;0.029269116;2.94e-05; false;0.060881722;0.680471082;0.46;0.403706;0.086646;0.000594;0.000707;0.000104; false;0.505425;1.52;0.0680274;0.0112208999999999;0.0206012;0.0003229; False;0.0344183;0.1662168;TO;0.112185576
/home/experiments/nfa-bench/benchmarks/bool_comb/cox/diff_sat-150-lhs.mata,/home/experiments/nfa-bench/benchmarks/bool_comb/cox/diff_sat-150-rhs.mata;0.08;0.071656;0.025255;0.000175;0.000113;5.5e-05; false;0.10061;0.06;0.047038;0.017697;0.002778;0.000816;0.000539;0.000561; false;0.071631;0.09;0.072764;0.022922;0.000716;0.00142;0.001752;0.001128; false;0.105142;1.45;0.1335;0.0163;0.0583;0.0019;0.0133; False;0.0735;0.2238;TO;1.42;0.038215782;0.00332749;2.8483e-05; false;0.011272806;0.187209015;0.08;0.077443;0.02108;0.000174;0.000116;4.4e-05; false;0.101949;0.9;0.0266066;0.0067364;0.0052412;0.0001487; False;0.014917;0.0769806;TO;0.06708765
/home/experiments/nfa-bench/benchmarks/bool_comb/cox/diff_sat-200-lhs.mata,/home/experiments/nfa-bench/benchmarks/bool_comb/cox/diff_sat-200-rhs.mata;0.13;0.108378;0.031278;0.000261;0.000161;6e-05; false;0.14433;0.12;0.095313;0.029979;0.005973;0.001589;0.001344;0.001369; false;0.13902;0.12;0.103981;0.026762;0.000939;0.001622;0.002309;0.001598; false;0.141877;1.58;0.1776;0.027;0.1001;0.0027;0.0228; False;0.1257;0.3309;TO;1.31;0.090028531;0.009113878;2.9514e-05; false;0.021546339;0.508405198;0.11;0.102229;0.02878;0.000254;0.00023;6e-05; false;0.136294;1.03;0.045208;0.0105773;0.0087633;0.0003288; False;0.022466;0.1262052;TO;0.065318748
/home/experiments/nfa-bench/benchmarks/bool_comb/cox/diff_sat-250-lhs.mata,/home/experiments/nfa-bench/benchmarks/bool_comb/cox/diff_sat-250-rhs.mata;0.14;0.235008;0.043741;0.000289;0.000188;6.8e-05; false;0.284407;0.16;0.194012;0.046109;0.007401;0.001911;0.002099;0.001941; false;0.258205;0.16;0.182438;0.042058;0.002156;0.00357;0.00411;0.002105; false;0.243049;1.76;0.1978;0.0397;0.1525;0.004;0.0348; False;0.1914;0.4296;TO;1.58;0.052240294;0.004813773;3.9446e-05; false;0.012307251;0.222051349;0.12;0.109923;0.024012;0.000144;0.000108;4.6e-05; false;0.137458;0.97;0.0514019999999999;0.0067154;0.0056053;0.0001887; False;0.0143229;0.1046834;TO;0.077858009
/home/experiments/nfa-bench/benchmarks/bool_comb/cox/diff_sat-300-lhs.mata,/home/experiments/nfa-bench/benchmarks/bool_comb/cox/diff_sat-300-rhs.mata;0.11;0.088486;0.029712;0.000186;0.000139;5.8e-05; false;0.122176;0.11;0.085776;0.027973;0.005032;0.001444;0.001243;0.001246; false;0.125903;0.12;0.088641;0.032307;0.0008849999999999;0.001295;0.002027;0.001562; false;0.132619;1.7;0.2425;0.058;0.2176;0.0039;0.0481; False;0.2697;0.5708;TO;1.65;0.1193594309999999;0.012107407;2.3176e-05; false;0.03206509;0.371956774;0.12;0.111288;0.024918;0.000182;0.000156;5.8e-05; false;0.14003;1.11;0.0658694;0.0109989;0.0095953;0.0003554; False;0.0237003;0.1737799;TO;0.05764388
/home/experiments/nfa-bench/benchmarks/bool_comb/cox/diff_sat-350-lhs.mata,/home/experiments/nfa-bench/benchmarks/bool_comb/cox/diff_sat-350-rhs.mata;0.21;0.178247;0.042132;0.000431;0.000313;0.0001; false;0.227521;0.24;0.211936;0.049471;0.010896;0.002886;0.002695;0.003582; false;0.287826;0.23;0.266828;0.061363;0.0018419999999999;0.002413;0.005745;0.003233; false;0.348903;1.62;0.1672;0.038;0.2296;0.0042;0.0666; False;0.3005;0.5068;TO;1.61;0.065852428;0.006467635;3.597e-05; false;0.0227418;0.30243153;0.2;0.180497;0.041755;0.000398;0.000261;9.5e-05; false;0.228744;1.15;0.053921;0.0111342;0.0104106;0.0003221; False;0.0246763;0.1377232;TO;0.070316955
/home/experiments/nfa-bench/benchmarks/bool_comb/cox/diff_sat-400-lhs.mata,/home/experiments/nfa-bench/benchmarks/bool_comb/cox/diff_sat-400-rhs.mata;0.22;0.19121;0.054191;0.000488;0.000346;0.000114; false;0.254258;0.26;0.191613;0.062137;0.012166;0.003418;0.004179;0.004369; false;0.285419;0.24;0.186183;0.057849;0.0017;0.002193;0.00369;0.002956; false;0.263439;2.06;0.31;0.0964;0.4535;0.0051;0.0879; False;0.5467;0.954;TO;1.55;0.0942449099999999;0.005899599;2.6417e-05; false;0.021550399;0.483464512;0.24;0.203282;0.052478;0.0005;0.000763;0.000173; false;0.26748;1.16;0.0619944;0.0068622;0.0060613;0.0001999; False;0.0150099;0.14447;TO;0.064726884
/home/experiments/nfa-bench/benchmarks/bool_comb/cox/diff_sat-450-lhs.mata,/home/experiments/nfa-bench/benchmarks/bool_comb/cox/diff_sat-450-rhs.mata;0.28;0.267148;0.060531;0.000561;0.000429;0.000136; false;0.337495;0.32;0.252989;0.062155;0.015356;0.003904;0.00535;0.005235; false;0.353295;0.3;0.284342;0.065441;0.002349;0.002825;0.004507;0.004402; false;0.372056;2.44;0.3753;0.121;0.5038;0.0062;0.1098; False;0.6199;1.1173;TO;1.76;0.1137992049999999;0.006247934;6.1153e-05; false;0.013360693;0.293640016;0.25;0.230405;0.053969;0.000535;0.000479;0.000132; false;0.293524;1.12;0.05744;0.0124014;0.0101674;0.0096477; False;0.0343149;0.1433833;TO;0.099974596
/home/experiments/nfa-bench/benchmarks/bool_comb/cox/diff_sat-500-lhs.mata,/home/experiments/nfa-bench/benchmarks/bool_comb/cox/diff_sat-500-rhs.mata;0.2;0.160558;0.052845;0.000316;0.000485;0.000137; false;0.221968;0.34;0.264444;0.070926;0.017213;0.004319;0.005761;0.006202; false;0.377082;0.32;0.253925;0.070501;0.00234;0.002703;0.005005;0.004141; false;0.348954;2.56;0.4247;0.1472;0.598;0.007;0.1373; False;0.7424;1.3155;TO;1.77;0.112036442;0.006225464;2.521e-05; false;0.020730464;0.386955464;0.21;0.188473;0.044098;0.00029;0.00027;0.000115; false;0.240429;1.21;0.0787534;0.0139501;0.0186482;0.0002518; False;0.0358948;0.188371;TO;0.1006713079999999
/home/experiments/nfa-bench/benchmarks/bool_comb/cox/diff_sat-550-lhs.mata,/home/experiments/nfa-bench/benchmarks/bool_comb/cox/diff_sat-550-rhs.mata;0.32;0.286169;0.068645;0.000584;0.0005;8.4e-05; false;0.366116;0.39;0.327969;0.076819;0.0190429999999999;0.004732;0.006145;0.00656; false;0.450676;0.31;0.307882;0.067419;0.002445;0.002748;0.005189;0.00448; false;0.399463;2.7;0.513;0.1751;0.7515;0.0143;0.1658; False;0.9316;1.6214;TO;1.86;0.084924908;0.007500582;2.8903e-05; false;0.018469208;0.265173975;0.33;0.283913;0.070075;0.000621;0.000535;8.8e-05; false;0.365007;1.34;0.0650552;0.0110682;0.0112788;0.0003859; False;0.0253865;0.1513976;TO;0.101060808
/home/experiments/nfa-bench/benchmarks/bool_comb/cox/diff_sat-600-lhs.mata,/home/experiments/nfa-bench/benchmarks/bool_comb/cox/diff_sat-600-rhs.mata;0.38;0.321136;0.078886;0.000764;0.000669;0.000144; false;0.41353;0.44;0.319786;0.089458;0.022051;0.006463;0.009377;0.010745; false;0.469323;0.39;0.317653;0.076115;0.002817;0.003188;0.006324;0.005636; false;0.420043;2.22;0.3571;0.1179;0.485;0.0042;0.1184; False;0.6076;1.0838;TO;2.22;0.098905355;0.027167681;3.7549e-05; false;0.055685405;0.425755354;0.35;0.296033;0.081309;0.000723;0.00052;8.9e-05; false;0.389114;1.11;0.0708383;0.0127245;0.0119137;0.0003512; False;0.0279757;0.161295;TO;0.116721562
/home/experiments/nfa-bench/benchmarks/bool_comb/cox/diff_sat-650-lhs.mata,/home/experiments/nfa-bench/benchmarks/bool_comb/cox/diff_sat-650-rhs.mata;0.38;0.337627;0.065352;0.000827;0.000641;0.000101; false;0.41727;0.44;0.386973;0.102898;0.023898;0.005693;0.006841;0.008093; false;0.545942;0.42;0.515094;0.089201;0.003214;0.003651;0.006716;0.006164; false;0.636362;3.24;0.5694;0.2434;1.032;0.0095;0.2297; False;1.2713;2.0861;TO;2.02;0.086972858;0.008844646;4.2615e-05; false;0.016193138;0.306332124;0.41;0.332755;0.091712;0.000827;0.001183;0.000118; false;0.442983;1.46;0.0877701;0.0113649;0.0069154;0.0002419; False;0.021419;0.194763;TO;0.107664136
/home/experiments/nfa-bench/benchmarks/bool_comb/cox/diff_sat-700-lhs.mata,/home/experiments/nfa-bench/benchmarks/bool_comb/cox/diff_sat-700-rhs.mata;0.41;0.34869;0.095934;0.000934;0.000779;0.000177; false;0.461746;0.54;0.378954;0.109803;0.031886;0.009704;0.015724;0.016209; false;0.579892;0.47;0.383436;0.098533;0.002876;0.003212;0.006839;0.006761; false;0.517905;2.21;0.326;0.1508;0.6636;0.005;0.1401; False;0.8088;1.287;TO;2.14;0.157549705;0.011291516;4.3653e-05; false;0.020012694;0.467329664;0.25;0.207251;0.063171;0.000402;0.000372;7.2e-05; false;0.279064;1.43;0.0637323;0.0088431;0.0076933;0.0002566; False;0.018902;0.1230002;TO;0.18698842
/home/experiments/nfa-bench/benchmarks/bool_comb/cox/diff_sat-750-lhs.mata,/home/experiments/nfa-bench/benchmarks/bool_comb/cox/diff_sat-750-rhs.mata;0.45;0.445172;0.096168;0.00098;0.000983;0.000141; false;0.558097;0.5;0.403122;0.095318;0.02646;0.006635;0.009154;0.010092; false;0.562519;0.54;0.466109;0.121567;0.004249;0.005401;0.009863;0.008702; false;0.635171;3.75;0.6646;0.3206;1.3626;0.0104;0.3184; False;1.6915;2.6787;TO;1.75;0.0987632599999999;0.009745267;2.6681e-05; false;0.016462855;0.31855621;0.46;0.384094;0.091435;0.000933;0.000964;0.000162; false;0.491695;1.51;0.0701413;0.0130848;0.0122615;0.0003596; False;0.0285429;0.1674081;TO;0.138530394
/home/experiments/nfa-bench/benchmarks/bool_comb/cox/diff_sat-800-lhs.mata,/home/experiments/nfa-bench/benchmarks/bool_comb/cox/diff_sat-800-rhs.mata;0.43;0.386716;0.076141;0.000482;0.000621;0.000104; false;0.475836;0.57;0.417545;0.111109;0.031378;0.007636;0.011605;0.012908; false;0.605449;0.54;0.431891;0.107885;0.004106;0.003783;0.008436;0.007773; false;0.578229;4.11;0.7124;0.3602;1.4948;0.0127;0.3822; False;1.8899;2.9643;TO;2.1;0.124582273;0.036939621;2.7794e-05; false;0.125429867;0.658852851;0.29;0.239303;0.070916;0.000451;0.000553;8.2e-05; false;0.320996;1.3;0.067282;0.0162807;0.0129357;0.0004107; False;0.0328072;0.1464768;TO;0.080510559
/home/experiments/nfa-bench/benchmarks/bool_comb/cox/diff_sat-850-lhs.mata,/home/experiments/nfa-bench/benchmarks/bool_comb/cox/diff_sat-850-rhs.mata;0.55;0.526954;0.119439;0.001074;0.001015;0.000162; false;0.667947;0.62;0.523548;0.113761;0.033054;0.008221;0.012039;0.01355; false;0.721698;0.6;0.531037;0.128167;0.005319;0.005029;0.010779;0.009892; false;0.708248;3.54;0.7114;0.417;1.0627;0.0062;0.2159; False;1.2848;2.4146;TO;2.41;0.130091581;0.013780632;2.8493e-05; false;0.034449854;0.478152225;0.51;0.440908;0.110721;0.000994;0.001666;0.00032; false;0.573967;1.3;0.050378;0.0108267;0.0088452;0.0003213; False;0.0223535;0.1190914;TO;0.077328411
/home/experiments/nfa-bench/benchmarks/bool_comb/cox/diff_sat-900-lhs.mata,/home/experiments/nfa-bench/benchmarks/bool_comb/cox/diff_sat-900-rhs.mata;0.45;0.403514;0.080565;0.000527;0.000612;0.000112; false;0.496668;0.4;0.285556;0.080623;0.022274;0.006681;0.010527;0.008946; false;0.426948;0.6;0.480462;0.115412;0.004678;0.004507;0.01001;0.009354; false;0.640679;3.48;0.4438;0.2644;1.3215;0.007;0.3644; False;1.693;2.4034;TO;2.64;0.1876342899999999;0.012514918;4.1296e-05; false;0.031203494;0.467248253;0.35;0.265507;0.091136;0.001124;0.00136;0.000221; false;0.381035;1.44;0.0808849;0.0152667;0.014425;0.0003511; False;0.033113;0.1825679;TO;0.132150826
/home/experiments/nfa-bench/benchmarks/bool_comb/cox/diff_sat-950-lhs.mata,/home/experiments/nfa-bench/benchmarks/bool_comb/cox/diff_sat-950-rhs.mata;0.61;0.497182;0.130724;0.00137;0.002062;0.000304; false;0.653047;0.67;0.506853;0.122037;0.03611;0.009051;0.013551;0.015383; false;0.718574;0.62;0.498478;0.116218;0.004885;0.00445;0.010279;0.010377; false;0.66123;5.07;0.8187;0.5184;2.1939;0.013;0.5097; False;2.7167;4.0557;TO;2.39;0.112465846;0.014921587;3.0069e-05; false;0.022686127;0.350022312;0.56;0.474705;0.125584;0.000748;0.00109;0.000176; false;0.620352;1.77;0.1494094;0.015546;0.0551395;0.0003687; False;0.0739891;0.3452393;TO;0.087607313
/home/experiments/nfa-bench/benchmarks/bool_comb/cox/diff_unsat-100-lhs.mata,/home/experiments/nfa-bench/benchmarks/bool_comb/cox/diff_unsat-100-rhs.mata;0.06;0.055266;0.018637;0.000135;9.6e-05;3.2e-05; false;0.076872;0.07;0.056783;0.021412;0.0032329999999999;0.000935;0.000832;0.000669; false;0.086583;0.07;0.056181;0.022134;0.0005269999999999;0.001608;0.001885;0.000868; false;0.088553;1.34;0.0824;0.0079;0.0244;0.0012;0.0055; False;0.0312;0.1219;TO;0.96;0.028465397;0.002237715;3.3365e-05; false;0.007416156;0.148973226;0.05;0.050294;0.017518;0.000123;0.000148;5.5e-05; false;0.071016;0.99;0.0270745999999999;0.0066376;0.0059666;0.0001517; False;0.0146339;0.0857986;TO;0.048281318
/home/experiments/nfa-bench/benchmarks/bool_comb/cox/diff_unsat-1000-lhs.mata,/home/experiments/nfa-bench/benchmarks/bool_comb/cox/diff_unsat-1000-rhs.mata;0.47;0.411293;0.08428;0.000615;0.00094;0.000163; false;0.511473;0.72;0.528344;0.126092;0.042057;0.010709;0.01737;0.016874; false;0.760728;0.38;0.299707;0.088573;0.002966;0.002715;0.006538;0.006164; false;0.41789;4.17;0.4605;0.3775;1.4944;0.014;0.5718; False;2.0803;2.921;TO;2.8;0.204010484;0.030836622;2.8084e-05; false;0.03750227;0.552017408;0.5;0.408332;0.123655;0.001175;0.001322;0.000236; false;0.556047;1.34;0.0629596;0.0089174;0.0159741;0.0002441; False;0.0269613;0.1460233;TO;0.127638576
/home/experiments/nfa-bench/benchmarks/bool_comb/cox/diff_unsat-150-lhs.mata,/home/experiments/nfa-bench/benchmarks/bool_comb/cox/diff_unsat-150-rhs.mata;0.09;0.079122;0.024516;0.000208;0.000215;5e-05; false;0.10793;0.1;0.079174;0.024482;0.00447;0.00121;0.000949;0.000972; false;0.114238;0.1;0.082254;0.024294;0.000827;0.001514;0.002098;0.001295; false;0.117063;1.49;0.1349;0.0163;0.0905;0.002;0.0137; False;0.1063;0.258;TO;1.33;0.071278458;0.00442011;2.6718e-05; false;0.016218138;0.290744489;0.09;0.080571;0.021351;0.000204;0.00021;4.9e-05; false;0.106144;0.92;0.0479093;0.0116607999999999;0.009433;0.0003784; False;0.0245652;0.1308851;TO;0.053883373
/home/experiments/nfa-bench/benchmarks/bool_comb/cox/diff_unsat-200-lhs.mata,/home/experiments/nfa-bench/benchmarks/bool_comb/cox/diff_unsat-200-rhs.mata;0.06;0.056595;0.017971;0.000124;9e-05;3.8e-05; false;0.077247;0.07;0.057344;0.024919;0.003362;0.000911;0.000725;0.000773; false;0.090241;0.07;0.058064;0.019281;0.000579;0.001044;0.00145;0.00095; false;0.084648;1.47;0.1439;0.0233;0.0865;0.0022;0.0203; False;0.1092;0.277;TO;1.44;0.146536773;0.005789639;2.664e-05; false;0.031818649;0.351749958;0.1;0.101688;0.016612;0.000124;0.000107;3.9e-05; false;0.12136;0.86;0.0328867;0.0290399;0.0331232;0.000373; False;0.066086;0.1451006;TO;0.065148952
/home/experiments/nfa-bench/benchmarks/bool_comb/cox/diff_unsat-250-lhs.mata,/home/experiments/nfa-bench/benchmarks/bool_comb/cox/diff_unsat-250-rhs.mata;0.15;0.13198;0.038474;0.000327;0.000205;8.5e-05; false;0.176863;0.16;0.129408;0.035025;0.0078149999999999;0.002165;0.002177;0.002198; false;0.18302;0.16;0.129411;0.03252;0.001189;0.001767;0.002816;0.001973; false;0.174872;1.65;0.1846;0.0404;0.1566;0.004;0.0351; False;0.1958;0.4216;TO;1.44;0.057507709;0.004621785;2.9321e-05; false;0.011063767;0.219942743;0.1;0.086183;0.024846;0.000185;0.000283;8.9e-05; false;0.115685;1.26;0.0918646;0.0112357999999999;0.0094891;0.0003425; False;0.023826;0.1762577;TO;0.083256887
/home/experiments/nfa-bench/benchmarks/bool_comb/cox/diff_unsat-300-lhs.mata,/home/experiments/nfa-bench/benchmarks/bool_comb/cox/diff_unsat-300-rhs.mata;0.18;0.154564;0.040722;0.000369;0.000289;8.8e-05; false;0.2018;0.19;0.152711;0.037729;0.009108;0.002306;0.002182;0.002161; false;0.210437;0.19;0.155785;0.038058;0.0014559999999999;0.002013;0.00324;0.002565; false;0.209084;1.84;0.2528;0.057;0.2228;0.0042;0.05; False;0.2772;0.5878;TO;1.65;0.0634992269999999;0.005060673;2.5435e-05; false;0.011560823;0.241881877;0.19;0.163216;0.044078;0.000368;0.000303;9.1e-05; false;0.21438;1.15;0.0500845;0.0114338;0.010059;0.0003719; False;0.0246825;0.1312485;TO;0.088980172
/home/experiments/nfa-bench/benchmarks/bool_comb/cox/diff_unsat-350-lhs.mata,/home/experiments/nfa-bench/benchmarks/bool_comb/cox/diff_unsat-350-rhs.mata;0.22;0.18436;0.045241;0.000436;0.000311;0.000104; false;0.236939;0.23;0.185318;0.047974;0.011739;0.003325;0.003894;0.004167; false;0.262068;0.21;0.173563;0.046535;0.001762;0.002229;0.003875;0.003053; false;0.238236;1.95;0.3308;0.0747;0.3028;0.0046;0.0667; False;0.3741;0.7805;TO;1.4;0.060582727;0.010211913;2.5637e-05; false;0.022765438;0.229937617;0.12;0.101583;0.032827;0.000205;0.00017;6.8e-05; false;0.138804;1.24;0.1055647;0.0122078;0.0105245;0.0004457; False;0.0266897;0.2015113;TO;0.118813346
/home/experiments/nfa-bench/benchmarks/bool_comb/cox/diff_unsat-400-lhs.mata,/home/experiments/nfa-bench/benchmarks/bool_comb/cox/diff_unsat-400-rhs.mata;0.24;0.211659;0.051001;0.000504;0.000364;0.000114; false;0.271226;0.28;0.217193;0.056204;0.012743;0.003309;0.004007;0.004494; false;0.303872;0.25;0.207852;0.048196;0.00184;0.002208;0.004027;0.003294; false;0.274293;2.03;0.2882;0.0835;0.3268;0.0059;0.0804; False;0.4133;0.786;TO;1.67;0.115922513;0.005292522;4.3562e-05; false;0.02583471;0.369130501;0.15;0.126229;0.037519;0.000255;0.000218;7.7e-05; false;0.168815;1.13;0.0577003;0.0118802;0.0102926;0.0003487; False;0.0257881;0.139995;TO;0.100015597
/home/experiments/nfa-bench/benchmarks/bool_comb/cox/diff_unsat-450-lhs.mata,/home/experiments/nfa-bench/benchmarks/bool_comb/cox/diff_unsat-450-rhs.mata;0.27;0.238852;0.061847;0.000587;0.000456;0.000136; false;0.310587;0.31;0.236796;0.057123;0.014857;0.003653;0.004814;0.005099; false;0.329103;0.28;0.237031;0.057616;0.00213;0.002513;0.004421;0.003827; false;0.315078;2.29;0.4035;0.1206;0.4872;0.0058;0.1928; False;0.686;1.2114;TO;1.78;0.084668236;0.006112142;2.8287e-05; false;0.012765593;0.254303316;0.27;0.22603;0.059555;0.00048;0.000375;0.00012; false;0.293942;1.21;0.0560556;0.0161666;0.0238993;0.0003669; False;0.0433766;0.1900293;TO;0.079347194
/home/experiments/nfa-bench/benchmarks/bool_comb/cox/diff_unsat-50-lhs.mata,/home/experiments/nfa-bench/benchmarks/bool_comb/cox/diff_unsat-50-rhs.mata;0.02;0.025775;0.009944;8.9e-05;4e-05;1.9e-05; false;0.037942;0.03;0.025568;0.010057;0.001539;0.000355;0.000294;0.000302; false;0.039934;0.03;0.025855;0.010203;0.000279;0.00106;0.001172;0.000462; false;0.042263;1.21;0.0475;0.0031;0.0078;0.0006;0.0019; False;0.0104;0.0614;TO;1.13;0.031457896;0.002341735;3.333e-05; false;0.012598484;0.164847799;0.02;0.015153;0.007107;3.9e-05;2.7e-05;1.1e-05; false;0.024012;0.95;0.0407061;0.0091767;0.0071155;0.0001644; False;0.0189185;0.1157688;TO;0.036252883
/home/experiments/nfa-bench/benchmarks/bool_comb/cox/diff_unsat-500-lhs.mata,/home/experiments/nfa-bench/benchmarks/bool_comb/cox/diff_unsat-500-rhs.mata;0.33;0.267249;0.076555;0.000657;0.000585;0.00017; false;0.355464;0.26;0.22135;0.041468;0.009345;0.00264;0.003782;0.004364; false;0.288111;0.28;0.216308;0.068011;0.002336;0.002726;0.005373;0.005386; false;0.312016;2.56;0.4146;0.1491;0.6292;0.0069;0.136; False;0.7722;1.3371;TO;1.8;0.069296975;0.006472843;2.6785e-05; false;0.025774873;0.266844441;0.23;0.208878;0.039388;0.000316;0.000294;9.7e-05; false;0.254501;1.28;0.1077467;0.012143;0.0111371;0.0003661; False;0.026466;0.2165488;TO;0.085283855
/home/experiments/nfa-bench/benchmarks/bool_comb/cox/diff_unsat-550-lhs.mata,/home/experiments/nfa-bench/benchmarks/bool_comb/cox/diff_unsat-550-rhs.mata;0.19;0.162287;0.047615;0.000336;0.000442;7.2e-05; false;0.218052;0.23;0.161125;0.055958;0.011532;0.002591;0.003545;0.0035; false;0.244824;0.19;0.155181;0.041143;0.001503;0.001784;0.003313;0.002845; false;0.211744;2.16;0.4364;0.1742;0.5274;0.0038;0.1081; False;0.6393;1.2511;TO;1.45;0.088468161;0.004814976;1.7592e-05; false;0.015621676;0.301502766;0.34;0.287057;0.069015;0.000682;0.000637;9e-05; false;0.367548;1.42;0.070834;0.0138544;0.0117241;0.0004042; False;0.0289605;0.1645786;TO;0.246426622
/home/experiments/nfa-bench/benchmarks/bool_comb/cox/diff_unsat-600-lhs.mata,/home/experiments/nfa-bench/benchmarks/bool_comb/cox/diff_unsat-600-rhs.mata;0.39;0.325328;0.084669;0.000902;0.001174;0.000193; false;0.428578;0.41;0.316571;0.077133;0.021484;0.005205;0.006548;0.007123; false;0.443478;0.39;0.317234;0.074924;0.0028929999999999;0.003044;0.005885;0.005337; false;0.419366;2.95;0.5071;0.2123;0.8948;0.0081;0.2021; False;1.105;1.8257;TO;2.3;0.15414797;0.009229311;4.2016e-05; false;0.051950923;0.476768275;0.27;0.194306;0.084461;0.000776;0.001102;0.000186; false;0.294969;1.44;0.1151935;0.0146381999999999;0.0110482;0.0029586; False;0.0314679;0.2172603;TO;0.0706710909999999
/home/experiments/nfa-bench/benchmarks/bool_comb/cox/diff_unsat-650-lhs.mata,/home/experiments/nfa-bench/benchmarks/bool_comb/cox/diff_unsat-650-rhs.mata;0.25;0.199635;0.063245;0.00088;0.000927;0.000122; false;0.280159;0.45;0.342625;0.092957;0.024631;0.007766;0.00885;0.009187; false;0.496901;0.42;0.35068;0.080466;0.003186;0.00337;0.006776;0.00631; false;0.4623;2.39;0.3013;0.1626;0.6377;0.0093;0.2364; False;0.8835;1.3488;TO;2.08;0.16156648;0.022797761;4.4558e-05; false;0.053788577;0.516520372;0.24;0.192372;0.059448;0.00043;0.000609;7.6e-05; false;0.263653;1.4;0.0436596;0.0073403999999999;0.0065181;0.0002186; False;0.0159108;0.1196667;TO;0.1020726679999999
/home/experiments/nfa-bench/benchmarks/bool_comb/cox/diff_unsat-700-lhs.mata,/home/experiments/nfa-bench/benchmarks/bool_comb/cox/diff_unsat-700-rhs.mata;0.26;0.214924;0.060688;0.000879;0.000714;0.000106; false;0.288522;0.3;0.206257;0.063024;0.016416;0.005343;0.008292;0.009283; false;0.318523;0.47;0.375123;0.094726;0.003662;0.003595;0.007795;0.007359; false;0.505944;3.19;0.4843;0.273;1.2749;0.0096;0.3075; False;1.5921;2.3513;TO;2.15;0.08612786;0.00938096;2.9092e-05; false;0.016710159;0.304848866;0.34;0.312682;0.054166;0.000414;0.000526;9e-05; false;0.376241;1.39;0.0741112;0.0148681;0.0129456;0.0003795; False;0.0347008;0.1820294;TO;0.114727428
/home/experiments/nfa-bench/benchmarks/bool_comb/cox/diff_unsat-750-lhs.mata,/home/experiments/nfa-bench/benchmarks/bool_comb/cox/diff_unsat-750-rhs.mata;0.46;0.394438;0.097483;0.001065;0.001273;0.000158; false;0.51092;0.5;0.404638;0.059243;0.0282229999999999;0.008228;0.012422;0.011521; false;0.536897;0.5;0.393553;0.102644;0.004469;0.005085;0.009519;0.009145; false;0.543028;3.13;0.619;0.3265;0.8028;0.0051;0.1601; False;0.9681;1.9147;TO;2.08;0.135613588;0.010385355;2.9494e-05; false;0.018654317;0.454109306;0.46;0.39329;0.096494;0.000898;0.000651;0.000107; false;0.50506;1.58;0.0989726;0.0133966;0.0127675;0.0004101; False;0.0295925;0.1926301;TO;0.076378878
/home/experiments/nfa-bench/benchmarks/bool_comb/cox/diff_unsat-800-lhs.mata,/home/experiments/nfa-bench/benchmarks/bool_comb/cox/diff_unsat-800-rhs.mata;0.5;0.430117;0.104522;0.001031;0.000923;0.000149; false;0.555593;0.56;0.422785;0.107969;0.029856;0.008078;0.012809;0.01288; false;0.608009;0.53;0.431243;0.104274;0.004044;0.003863;0.00805;0.007709; false;0.574984;3.39;0.441;0.2196;1.596;0.0122;0.3702; False;1.9785;2.6406;TO;2.24;0.098652705;0.012766341;3.6424e-05; false;0.020862579;0.337781229;0.4;0.2985;0.114121;0.001025;0.001009;0.000193; false;0.433472;1.47;0.0743457;0.0138549;0.0127746;0.0003968; False;0.030037;0.1686707;TO;0.1038903489999999
/home/experiments/nfa-bench/benchmarks/bool_comb/cox/diff_unsat-850-lhs.mata,/home/experiments/nfa-bench/benchmarks/bool_comb/cox/diff_unsat-850-rhs.mata;0.57;0.458521;0.136963;0.001202;0.001188;0.000214; false;0.623287;0.58;0.451465;0.105957;0.032243;0.007965;0.011861;0.01392; false;0.636746;0.58;0.448196;0.121193;0.005194;0.005598;0.012831;0.012848; false;0.626182;4.4;0.7401;0.4173;1.7308;0.0132;0.4094; False;2.1535;3.3129;TO;2.28;0.102090438;0.012812358;3.0435e-05; false;0.020766792;0.31340977;0.32;0.257506;0.076622;0.000543;0.000759;0.000126; false;0.346495;1.83;0.0950519;0.0174081;0.0351844;0.0004315; False;0.0566535;0.2220378;TO;0.0843377959999999
/home/experiments/nfa-bench/benchmarks/bool_comb/cox/diff_unsat-900-lhs.mata,/home/experiments/nfa-bench/benchmarks/bool_comb/cox/diff_unsat-900-rhs.mata;0.57;0.479771;0.118614;0.001225;0.001451;0.000218; false;0.622972;0.63;0.482038;0.117594;0.034222;0.008737;0.01309;0.014693; false;0.685289;0.6;0.480142;0.115544;0.00517;0.004902;0.010223;0.010133; false;0.645724;4.24;0.513;0.2488;1.8379;0.0133;0.4807; False;2.332;3.0965;TO;2.6;0.16327739;0.034159591;2.7202e-05; false;0.042130304;0.427839353;0.55;0.484714;0.10559;0.000572;0.000767;0.000119; false;0.604398;1.6;0.1227391999999999;0.0154992;0.0140214;0.0003879; False;0.0328907;0.2041997;TO;0.118655803
/home/experiments/nfa-bench/benchmarks/bool_comb/cox/diff_unsat-950-lhs.mata,/home/experiments/nfa-bench/benchmarks/bool_comb/cox/diff_unsat-950-rhs.mata;0.59;0.495801;0.119868;0.001275;0.001233;0.000191; false;0.637318;0.65;0.500819;0.116038;0.0369759999999999;0.008863;0.013082;0.015304; false;0.706432;0.62;0.486838;0.130719;0.005157;0.004657;0.010896;0.011209; false;0.668224;4.95;0.7971;0.5087;2.1132;0.0135;0.5242; False;2.651;3.9597;TO;2.94;0.185469954;0.014236017;2.5574e-05; false;0.032015814;0.539959859;0.45;0.366862;0.103626;0.001251;0.001445;0.00024; false;0.496094;1.59;0.0720695;0.0095871;0.0169976;0.0003181; False;0.0291778;0.1433785;TO;0.137309703
/home/experiments/nfa-bench/benchmarks/bool_comb/cox/inter_sat-100-lhs.mata,/home/experiments/nfa-bench/benchmarks/bool_comb/cox/inter_sat-100-rhs.mata;0.06;0.054693;0.016483;0.000134;8.1e-05;3.2e-05; false;0.073796;0.06;0.05199;0.016068;0.002867;0.000701;0.000626;0.000608; false;0.075001;0.06;0.052097;0.016418;0.000489;0.001286;0.001597;0.00082; false;0.076234;1.45;0.0867;0.0083;0.0263;0.0013;0.0063; False;0.034;0.1295;TO;1.33;0.0599923329999999;0.024247699;4.1061e-05; false;0.031999116;0.215331249;0.03;0.02847;0.011923;8.3e-05;4.6e-05;2e-05; false;0.042127;0.99;0.0519426;0.0097551;0.0081849;0.0002745; False;0.0212061;0.1342805;TO;0.089436913
/home/experiments/nfa-bench/benchmarks/bool_comb/cox/inter_sat-1000-lhs.mata,/home/experiments/nfa-bench/benchmarks/bool_comb/cox/inter_sat-1000-rhs.mata;0.64;0.53903;0.135621;0.001351;0.001441;0.00027; false;0.699434;0.71;0.520099;0.128428;0.038862;0.010057;0.01419;0.017302; false;0.745553;0.63;0.520894;0.12206;0.005673;0.005152;0.012174;0.01223; false;0.698906;5.49;0.8433;0.5691;2.522;0.0141;0.564; False;3.1001;4.5147;TO;2.71;0.241823166;0.014807654;6.3115e-05; false;0.040014895;0.633192002;0.57;0.473748;0.135279;0.001254;0.001289;0.000161; false;0.632512;1.59;0.0998384;0.030371;0.0308959;0.0003684; False;0.064775;0.2424684;TO;0.124182086
/home/experiments/nfa-bench/benchmarks/bool_comb/cox/inter_sat-150-lhs.mata,/home/experiments/nfa-bench/benchmarks/bool_comb/cox/inter_sat-150-rhs.mata;0.09;0.079119;0.023579;0.000201;0.000163;4.6e-05; false;0.10677;0.09;0.076928;0.021817;0.004421;0.001048;0.000931;0.00097; false;0.108862;0.06;0.053508;0.013758;0.000474;0.001018;0.001253;0.000719; false;0.074042;1.4;0.1344;0.0161;0.0569;0.0019;0.0133; False;0.0722;0.2232;TO;1.16;0.037913622;0.003458852;3.0989e-05; false;0.011062477;0.184148207;0.04;0.042079;0.012511;8.8e-05;7.4e-05;2.8e-05; false;0.056584;1.22;0.0480299;0.0112167999999999;0.0091396;0.0003449; False;0.0236624;0.1330652;TO;0.097913538
/home/experiments/nfa-bench/benchmarks/bool_comb/cox/inter_sat-200-lhs.mata,/home/experiments/nfa-bench/benchmarks/bool_comb/cox/inter_sat-200-rhs.mata;0.07;0.056673;0.017849;0.000119;9.3e-05;3.8e-05; false;0.077205;0.07;0.056234;0.01914;0.00353;0.001023;0.000985;0.000902; false;0.084409;0.07;0.05803;0.018503;0.000543;0.00104;0.001416;0.000963; false;0.08392;1.66;0.1696;0.0268;0.1005;0.0025;0.0229; False;0.126;0.323;TO;1.38;0.046128705;0.0038927;2.7921e-05; false;0.010280233;0.224285704;0.13;0.105638;0.035509;0.000261;0.00025;5.8e-05; false;0.146808;1.17;0.0529724;0.012316;0.0099205;0.0004727; False;0.0264094;0.1479109;TO;0.0548473499999999
/home/experiments/nfa-bench/benchmarks/bool_comb/cox/inter_sat-250-lhs.mata,/home/experiments/nfa-bench/benchmarks/bool_comb/cox/inter_sat-250-rhs.mata;0.16;0.131284;0.033397;0.000299;0.000196;7.4e-05; false;0.170109;0.16;0.128701;0.032234;0.006299;0.001914;0.001509;0.001521; false;0.176108;0.16;0.129377;0.030163;0.001125;0.00176;0.002161;0.001179; false;0.1707;1.82;0.2603;0.0406;0.1529;0.0045;0.0342; False;0.1918;0.4934;TO;1.24;0.045122878;0.004379427;4.8806e-05; false;0.035985875;0.24498166;0.15;0.130001;0.034717;0.000286;0.000209;7.3e-05; false;0.17025;1.15;0.0499057;0.0114113;0.0099362;0.0003714; False;0.025203;0.1723719;TO;0.071085945
/home/experiments/nfa-bench/benchmarks/bool_comb/cox/inter_sat-300-lhs.mata,/home/experiments/nfa-bench/benchmarks/bool_comb/cox/inter_sat-300-rhs.mata;0.19;0.159347;0.044452;0.000432;0.000432;0.0001; false;0.211713;0.12;0.085369;0.033247;0.008457;0.002434;0.00278;0.002414; false;0.139328;0.16;0.149677;0.024659;0.000809;0.001113;0.001815;0.001488; false;0.183296;1.7;0.2553;0.0562;0.2673;0.0038;0.0468; False;0.318;0.6303;TO;1.6;0.064826925;0.005008897;2.4162e-05; false;0.011926279;0.226215083;0.11;0.092874;0.030707;0.00017;0.000216;6.6e-05; false;0.128553;1.12;0.0536776;0.0221589;0.0103151;0.0003912; False;0.0357153;0.1630011;TO;0.105457798
/home/experiments/nfa-bench/benchmarks/bool_comb/cox/inter_sat-350-lhs.mata,/home/experiments/nfa-bench/benchmarks/bool_comb/cox/inter_sat-350-rhs.mata;0.12;0.097333;0.02761;0.0002;0.000184;6.9e-05; false;0.129371;0.12;0.096354;0.041115;0.006724;0.001802;0.001448;0.00147; false;0.155007;0.2;0.301764;0.047596;0.00149;0.025784;0.006655;0.002648; false;0.400993;1.86;0.3077;0.0665;0.297;0.0047;0.0848; False;0.3865;0.7618;TO;1.76;0.090159913;0.006916072;4.0269e-05; false;0.020947397;0.305758181;0.2;0.170063;0.049189;0.000362;0.000296;0.000103; false;0.226169;1.28;0.0570169;0.0124351;0.0108587;0.0003741; False;0.0267585;0.1479007;TO;0.068094975
/home/experiments/nfa-bench/benchmarks/bool_comb/cox/inter_sat-400-lhs.mata,/home/experiments/nfa-bench/benchmarks/bool_comb/cox/inter_sat-400-rhs.mata;0.13;0.112705;0.032917;0.00024;0.000209;7.6e-05; false;0.150529;0.14;0.112911;0.03349;0.0068319999999999;0.002083;0.002355;0.002336; false;0.163778;0.17;0.139153;0.033634;0.001165;0.00145;0.002572;0.001964; false;0.185256;2.18;0.4004;0.0961;0.3848;0.0052;0.0871; False;0.4773;0.9748;TO;1.64;0.092378144;0.005292953;4.3588e-05; false;0.012978462;0.256295831;0.15;0.128269;0.039208;0.000229;0.000256;8.3e-05; false;0.172669;1.28;0.0542946;0.0072575999999999;0.0064435;0.0002367; False;0.015865;0.1577513;TO;0.110118623
/home/experiments/nfa-bench/benchmarks/bool_comb/cox/inter_sat-450-lhs.mata,/home/experiments/nfa-bench/benchmarks/bool_comb/cox/inter_sat-450-rhs.mata;0.28;0.238918;0.06128;0.00073;0.000923;0.000239; false;0.314147;0.31;0.243112;0.058187;0.015587;0.003899;0.005503;0.006; false;0.339471;0.29;0.236414;0.057996;0.0021349999999999;0.002551;0.004858;0.004125; false;0.316119;2.23;0.3639;0.1223;0.5187;0.0066;0.1135; False;0.639;1.1265;TO;1.48;0.085544329;0.00617104;2.7527e-05; false;0.019311241;0.327543935;0.28;0.230958;0.066392;0.00057;0.000463;0.000141; false;0.307963;1.34;0.0606725999999999;0.0137096;0.0103613;0.0002839; False;0.0270128;0.1548824;TO;0.0833032119999999
/home/experiments/nfa-bench/benchmarks/bool_comb/cox/inter_sat-50-lhs.mata,/home/experiments/nfa-bench/benchmarks/bool_comb/cox/inter_sat-50-rhs.mata;0.03;0.024865;0.010409;7.7e-05;4.8e-05;1.7e-05; false;0.037414;0.03;0.02471;0.009818;0.001511;0.00033;0.000292;0.000289; false;0.038794;0.03;0.024956;0.010113;0.00025;0.00095;0.001042;0.000431; false;0.040626;1.05;0.0999;0.0027;0.0064;0.0006;0.0016; False;0.0087;0.1116;TO;1.17;0.058004539;0.002331883;3.0645e-05; false;0.009563605;0.174760037;0.02;0.025877;0.009575;6.6e-05;4e-05;1.6e-05; false;0.037439;0.85;0.0286004999999999;0.0076438999999999;0.0052155;0.0001822; False;0.0154036;0.1067383;TO;0.070733733
/home/experiments/nfa-bench/benchmarks/bool_comb/cox/inter_sat-500-lhs.mata,/home/experiments/nfa-bench/benchmarks/bool_comb/cox/inter_sat-500-rhs.mata;0.3;0.260339;0.064186;0.000629;0.000718;0.000169; false;0.337043;0.35;0.266182;0.070233;0.01669;0.004168;0.005946;0.0069; false;0.380355;0.32;0.535599;0.077527;0.003657;0.005985;0.006181;0.003894; false;0.645823;2.03;0.3961;0.1411;0.3296;0.0038;0.077; False;0.4105;0.9489;TO;1.54;0.116915597;0.006277677;2.6041e-05; false;0.012218504;0.41711077;0.22;0.195486;0.047398;0.000304;0.00026;0.000101; false;0.249514;1.34;0.0663171;0.0115047999999999;0.0105109;0.0003455; False;0.025184;0.1887727;TO;0.095502958
/home/experiments/nfa-bench/benchmarks/bool_comb/cox/inter_sat-550-lhs.mata,/home/experiments/nfa-bench/benchmarks/bool_comb/cox/inter_sat-550-rhs.mata;0.35;0.295359;0.074707;0.000714;0.000725;0.000101; false;0.38237;0.38;0.286042;0.07472;0.0185229999999999;0.004673;0.006276;0.006287; false;0.405007;0.35;0.287808;0.071344;0.0025729999999999;0.002918;0.00539;0.004756; false;0.38407;2.44;0.4198;0.2111;0.7467;0.0079;0.1947; False;0.9494;1.5949;TO;1.89;0.0784651869999999;0.011357552;2.7051e-05; false;0.018394276;0.257321553;0.2;0.163622;0.055129;0.000357;0.000537;9.3e-05; false;0.227311;1.07;0.0660899;0.011936;0.0112381;0.0002574; False;0.0262345;0.1544961;TO;0.086829775
/home/experiments/nfa-bench/benchmarks/bool_comb/cox/inter_sat-600-lhs.mata,/home/experiments/nfa-bench/benchmarks/bool_comb/cox/inter_sat-600-rhs.mata;0.37;0.31222;0.075977;0.000781;0.000714;0.000108; false;0.401596;0.44;0.521419;0.08852;0.024988;0.006767;0.010632;0.011971; false;0.677532;0.38;0.520116;0.090802;0.004546;0.004448;0.0071;0.005136; false;0.646843;2.97;0.4808;0.2029;0.8763;0.0082;0.2018; False;1.0864;1.7716;TO;1.57;0.092118542;0.008028713;2.6352e-05; false;0.014906164;0.262640636;0.38;0.312384;0.080705;0.000881;0.001727;0.000292; false;0.413743;1.12;0.0790846;0.0159901;0.012283;0.0003854; False;0.0322818;0.179911;TO;0.103395068
/home/experiments/nfa-bench/benchmarks/bool_comb/cox/inter_sat-650-lhs.mata,/home/experiments/nfa-bench/benchmarks/bool_comb/cox/inter_sat-650-rhs.mata;0.42;0.348691;0.091569;0.000867;0.000803;0.000141; false;0.456552;0.45;0.34795;0.083364;0.022762;0.005808;0.007726;0.008393; false;0.486469;0.41;0.337156;0.081652;0.00315;0.003239;0.006657;0.006066; false;0.449313;2.97;0.5591;0.1555;0.9595;0.0087;0.2974; False;1.2657;1.9817;TO;2.08;0.104060573;0.008576641;2.6077e-05; false;0.015607628;0.323559562;0.41;0.344989;0.085782;0.000817;0.000953;0.000176; false;0.445797;1.25;0.0876332;0.0137666;0.0123265;0.0006922; False;0.0301112;0.2068016;TO;0.083363412
/home/experiments/nfa-bench/benchmarks/bool_comb/cox/inter_sat-700-lhs.mata,/home/experiments/nfa-bench/benchmarks/bool_comb/cox/inter_sat-700-rhs.mata;0.44;0.374438;0.091811;0.001279;0.000867;0.00015; false;0.484388;0.43;0.364121;0.057945;0.0135529999999999;0.004048;0.005786;0.006301; false;0.458742;0.24;0.196792;0.056277;0.001983;0.002121;0.004396;0.003929; false;0.273418;3.49;0.62;0.2783;1.1376;0.0093;0.2719; False;1.4189;2.3191;TO;2.16;0.154251673;0.009412422;3.9453e-05; false;0.041598788;0.36693177;0.42;0.348642;0.087705;0.001046;0.001381;0.000167; false;0.455345;1.47;0.0964609;0.0139135;0.012737;0.0003712; False;0.0300738;0.2038049;TO;0.142451693
/home/experiments/nfa-bench/benchmarks/bool_comb/cox/inter_sat-750-lhs.mata,/home/experiments/nfa-bench/benchmarks/bool_comb/cox/inter_sat-750-rhs.mata;0.26;0.217409;0.063861;0.000444;0.000753;0.000119; false;0.293367;0.3;0.218133;0.063137;0.0168849999999999;0.00495;0.00808;0.007604; false;0.32837;0.27;0.215886;0.065537;0.002107;0.002254;0.004527;0.004024; false;0.30303;3.84;0.607;0.3504;1.3673;0.0108;0.3416; False;1.7198;2.6948;TO;1.7;0.128470552;0.011208976;7.649e-05; false;0.019850265;0.337679774;0.28;0.226538;0.076415;0.00043;0.000657;0.000105; false;0.314539;1.57;0.044411;0.0092214999999999;0.0273082;0.0002898; False;0.0388035;0.1242773;TO;0.155505522
/home/experiments/nfa-bench/benchmarks/bool_comb/cox/inter_sat-800-lhs.mata,/home/experiments/nfa-bench/benchmarks/bool_comb/cox/inter_sat-800-rhs.mata;0.48;0.416006;0.10079;0.001008;0.001007;0.00015; false;0.534861;0.55;0.423042;0.096986;0.0296729999999999;0.007476;0.008817;0.010686; false;0.589195;0.51;0.415033;0.093289;0.004321;0.003895;0.010146;0.008826; false;0.550326;4.09;0.6669;0.4214;1.5605;0.0115;0.3603; False;1.9324;3.0223;TO;1.98;0.164453706;0.023777155;5.4093e-05; false;0.044517121;0.445672578;0.46;0.405215;0.083883;0.000514;0.00047;7.8e-05; false;0.501987;1.17;0.0966945;0.0143963;0.0132537;0.0003724; False;0.031035;0.225635;TO;0.098966213
/home/experiments/nfa-bench/benchmarks/bool_comb/cox/inter_sat-850-lhs.mata,/home/experiments/nfa-bench/benchmarks/bool_comb/cox/inter_sat-850-rhs.mata;0.55;0.459269;0.117993;0.001122;0.001153;0.000233; false;0.599891;0.6;0.458855;0.110893;0.032311;0.008259;0.012125;0.013458; false;0.649645;0.56;0.452718;0.115521;0.004455;0.004057;0.009128;0.008798; false;0.609985;4.32;0.6376;0.4325;1.7826;0.0138;0.4161; False;2.2126;3.2847;TO;2.19;0.124066409;0.013752443;2.6629e-05; false;0.02131562;0.401839584;0.3;0.250124;0.075063;0.000495;0.00068;9e-05; false;0.336732;1.65;0.0807737;0.0154130999999999;0.0143246;0.0004077; False;0.0333934;0.2165315;TO;0.078056008
/home/experiments/nfa-bench/benchmarks/bool_comb/cox/inter_sat-900-lhs.mata,/home/experiments/nfa-bench/benchmarks/bool_comb/cox/inter_sat-900-rhs.mata;0.54;0.460528;0.109183;0.001108;0.001125;0.00017; false;0.58967;0.63;0.477163;0.10913;0.035495;0.008356;0.012745;0.014018; false;0.671124;0.57;0.474531;0.104916;0.004757;0.00428;0.009203;0.008723; false;0.621006;4.75;0.7224;0.4581;1.92;0.0125;0.452; False;2.3846;3.5671;TO;2.76;0.19745747;0.025292047;5.7504e-05; false;0.044063378;0.605050089;0.57;0.485081;0.116056;0.001199;0.001634;0.000166; false;0.628493;1.62;0.0897696;0.0236731;0.0296401;0.0003715; False;0.0655724;0.2196858;TO;0.159072316
/home/experiments/nfa-bench/benchmarks/bool_comb/cox/inter_sat-950-lhs.mata,/home/experiments/nfa-bench/benchmarks/bool_comb/cox/inter_sat-950-rhs.mata;0.61;0.503873;0.127798;0.001192;0.001207;0.00018; false;0.656445;0.65;0.503405;0.119181;0.0362269999999999;0.009117;0.013994;0.015983; false;0.714201;0.62;0.502578;0.118471;0.004876;0.004435;0.010038;0.009996; false;0.669091;2.96;0.4092;0.2667;1.1417;0.0069;0.2669; False;1.4157;2.0929;TO;2.11;0.121271193;0.013530322;2.9818e-05; false;0.021621919;0.340264994;0.45;0.378019;0.099225;0.000574;0.00093;0.000163; false;0.494313;1.73;0.0853337;0.0163035;0.047569;0.0004731; False;0.0675269;0.2384611;TO;0.142728259
/home/experiments/nfa-bench/benchmarks/bool_comb/cox/inter_unsat-100-lhs.mata,/home/experiments/nfa-bench/benchmarks/bool_comb/cox/inter_unsat-100-rhs.mata;0.06;0.051792;0.015753;0.000127;7.7e-05;3.1e-05; false;0.070016;0.06;0.052172;0.017088;0.003118;0.000877;0.000897;0.000708; false;0.077196;0.07;0.054068;0.017722;0.000579;0.001565;0.001914;0.000925; false;0.081337;1.48;0.09;0.0084;0.0271;0.0013;0.0063; False;0.0349;0.1336;TO;1.26;0.071465186;0.00468916;3.3949e-05; false;0.011913943;0.241114119;0.06;0.052142;0.015717;0.000127;8.1e-05;3.1e-05; false;0.070458;1.13;0.0491891;0.0115033;0.009349;0.0003681; False;0.0243681;0.1385672;TO;0.038919633
/home/experiments/nfa-bench/benchmarks/bool_comb/cox/inter_unsat-1000-lhs.mata,/home/experiments/nfa-bench/benchmarks/bool_comb/cox/inter_unsat-1000-rhs.mata;0.63;0.526378;0.128914;0.001383;0.001207;0.000188; false;0.679097;0.7;0.534049;0.126824;0.038744;0.008752;0.011849;0.013409; false;0.74946;0.65;0.52128;0.127552;0.005489;0.004657;0.01208;0.011351; false;0.700475;5.17;0.8835;0.5016;2.3413;0.0137;0.6243; False;2.9794;4.3673;TO;2.73;0.207001885;0.024512032;4.0677e-05; false;0.034328313;0.612713442;0.41;0.3056;0.12551;0.00057;0.000963;0.000194; false;0.448589;1.69;0.1043282;0.0167926;0.0291367;0.0003595; False;0.0493643;0.2236675;TO;0.121703188
/home/experiments/nfa-bench/benchmarks/bool_comb/cox/inter_unsat-150-lhs.mata,/home/experiments/nfa-bench/benchmarks/bool_comb/cox/inter_unsat-150-rhs.mata;0.09;0.077847;0.022423;0.000194;0.000117;4.3e-05; false;0.103781;0.09;0.067989;0.02534;0.004901;0.001276;0.001186;0.001155; false;0.105163;0.1;0.078374;0.022944;0.000754;0.001438;0.001938;0.001229; false;0.110926;1.1;0.0772;0.0082;0.0306;0.001;0.0067; False;0.0383;0.124;TO;1.43;0.064025999;0.003297541;2.5269e-05; false;0.016210365;0.228997937;0.09;0.076011;0.024899;0.000161;0.000119;4e-05; false;0.104418;1.1;0.0470549;0.0105344999999999;0.0090466;0.0003361; False;0.0228349;0.1303168;TO;0.056925545
/home/experiments/nfa-bench/benchmarks/bool_comb/cox/inter_unsat-200-lhs.mata,/home/experiments/nfa-bench/benchmarks/bool_comb/cox/inter_unsat-200-rhs.mata;0.12;0.10312;0.027887;0.000252;0.000161;6.5e-05; false;0.135365;0.13;0.104983;0.027492;0.006063;0.001523;0.001312;0.001274; false;0.145897;0.12;0.100151;0.026747;0.000971;0.001589;0.002297;0.001619; false;0.138007;1.58;0.1673;0.0263;0.1307;0.0025;0.0226; False;0.156;0.3503;TO;1.5;0.112416726;0.003723415;3.2654e-05; false;0.010598289;0.293249478;0.11;0.104738;0.025127;0.000236;0.000152;5.6e-05; false;0.133848;1.08;0.0746618;0.0111286;0.0091113;0.0003052; False;0.0233238;0.1612232;TO;0.054289499
/home/experiments/nfa-bench/benchmarks/bool_comb/cox/inter_unsat-250-lhs.mata,/home/experiments/nfa-bench/benchmarks/bool_comb/cox/inter_unsat-250-rhs.mata;0.15;0.12764;0.035789;0.000335;0.00033;8.3e-05; false;0.169673;0.16;0.131398;0.032874;0.0078;0.002129;0.002151;0.002035; false;0.182588;0.16;0.130438;0.03265;0.001163;0.001756;0.002662;0.001958; false;0.175735;1.19;0.1666;0.0278;0.0794;0.0024;0.0181; False;0.1;0.295;TO;1.55;0.13295304;0.005011173;3.8996e-05; false;0.01234807;0.331977984;0.15;0.131268;0.034902;0.000296;0.000194;7.1e-05; false;0.171429;1.16;0.0355169;0.0075704;0.0064508;0.0002507; False;0.0164565;0.0920319;TO;0.0487600159999999
/home/experiments/nfa-bench/benchmarks/bool_comb/cox/inter_unsat-300-lhs.mata,/home/experiments/nfa-bench/benchmarks/bool_comb/cox/inter_unsat-300-rhs.mata;0.17;0.158049;0.039214;0.000352;0.000272;8.7e-05; false;0.203554;0.2;0.161006;0.039799;0.009417;0.002498;0.00239;0.002652; false;0.222496;0.19;0.155869;0.038656;0.00142;0.00198;0.003144;0.002522; false;0.209806;1.8;0.2638;0.0483;0.2308;0.0038;0.0489; False;0.2836;0.5963;TO;1.62;0.0605550439999999;0.005352669;3.8263e-05; false;0.012226398;0.211581206;0.1;0.086373;0.024898;0.000185;0.000139;5.7e-05; false;0.115115;1.14;0.0530277;0.011022;0.0100814;0.0003556; False;0.0243071;0.140388;TO;0.078759442
/home/experiments/nfa-bench/benchmarks/bool_comb/cox/inter_unsat-350-lhs.mata,/home/experiments/nfa-bench/benchmarks/bool_comb/cox/inter_unsat-350-rhs.mata;0.14;0.106371;0.039589;0.000405;0.000357;0.000104; false;0.153287;0.13;0.103572;0.02981;0.006101;0.001857;0.002154;0.002212; false;0.149254;0.13;0.099514;0.033701;0.001083;0.00143;0.002364;0.001775; false;0.144715;1.31;0.1664;0.0384;0.1962;0.0039;0.0352; False;0.2353;0.4406;TO;1.72;0.14010515;0.006275855;3.0295e-05; false;0.025037873;0.341678668;0.18;0.135445;0.046974;0.000408;0.000379;0.000102; false;0.19023;1.26;0.0629832;0.0121564;0.0106961;0.0003726; False;0.0261494;0.1514006;TO;0.118710849
/home/experiments/nfa-bench/benchmarks/bool_comb/cox/inter_unsat-400-lhs.mata,/home/experiments/nfa-bench/benchmarks/bool_comb/cox/inter_unsat-400-rhs.mata;0.13;0.112136;0.029818;0.000239;0.000192;7.8e-05; false;0.146554;0.27;0.207932;0.051979;0.013284;0.003689;0.00449;0.004697; false;0.292312;0.27;0.205853;0.054732;0.002025;0.002428;0.004412;0.003663; false;0.280754;2.23;0.3404;0.0959;0.3854;0.0051;0.087; False;0.4776;0.9151;TO;1.61;0.091787248;0.005928088;2.4914e-05; false;0.012561287;0.284978617;0.24;0.207213;0.054723;0.00049;0.000328;0.000117; false;0.271612;1.25;0.0512973;0.0120314;0.010775;0.0017375; False;0.0275026;0.1454225;TO;0.141771923
/home/experiments/nfa-bench/benchmarks/bool_comb/cox/inter_unsat-450-lhs.mata,/home/experiments/nfa-bench/benchmarks/bool_comb/cox/inter_unsat-450-rhs.mata;0.2;0.151582;0.057656;0.000566;0.000467;0.000141; false;0.218848;0.33;0.248115;0.071533;0.016356;0.004419;0.006435;0.006617; false;0.361226;0.25;0.20606;0.061969;0.002277;0.003046;0.005049;0.004266; false;0.291307;1.44;0.1986;0.0621;0.2501;0.0031;0.0564; False;0.3096;0.5709;TO;1.83;0.106224317;0.012938344;2.9904e-05; false;0.02998965;0.33243466;0.23;0.220106;0.035925;0.000258;0.000238;8.7e-05; false;0.261777;1.29;0.0537093;0.0144845;0.0103109;0.0003544; False;0.0278474;0.1395155;TO;0.069300415
/home/experiments/nfa-bench/benchmarks/bool_comb/cox/inter_unsat-50-lhs.mata,/home/experiments/nfa-bench/benchmarks/bool_comb/cox/inter_unsat-50-rhs.mata;0.03;0.025113;0.01006;7.1e-05;4.3e-05;1.6e-05; false;0.037212;0.03;0.025499;0.01043;0.0015509999999999;0.000377;0.000303;0.000284; false;0.040249;0.03;0.02594;0.010539;0.000274;0.001018;0.001119;0.000474; false;0.042296;1.27;0.0939;0.003;0.0075;0.0006;0.0019; False;0.0102;0.1074;TO;1.18;0.040963738;0.002385838;2.6317e-05; false;0.00981439;0.182661063;0.03;0.026318;0.010149;6.1e-05;4.7e-05;1.6e-05; false;0.038643;0.95;0.0431625;0.0103051;0.0079439;0.0002072; False;0.0212631;0.1276603;TO;0.0397970329999999
/home/experiments/nfa-bench/benchmarks/bool_comb/cox/inter_unsat-500-lhs.mata,/home/experiments/nfa-bench/benchmarks/bool_comb/cox/inter_unsat-500-rhs.mata;0.3;0.260195;0.062242;0.000665;0.000474;0.000155; false;0.333235;0.33;0.25753;0.064665;0.015504;0.004062;0.006136;0.006598; false;0.364758;0.33;0.411875;0.111482;0.00714;0.006244;0.007352;0.004339; false;0.570413;2.42;0.3874;0.1468;0.6336;0.0066;0.1372; False;0.7775;1.3127;TO;1.84;0.095420017;0.006761077;5.383e-05; false;0.029772644;0.458370076;0.17;0.151941;0.038774;0.000281;0.000265;9.7e-05; false;0.196886;1.15;0.0395663;0.007353;0.0062405;0.0002295; False;0.0157289;0.1024673;TO;0.057628743
/home/experiments/nfa-bench/benchmarks/bool_comb/cox/inter_unsat-550-lhs.mata,/home/experiments/nfa-bench/benchmarks/bool_comb/cox/inter_unsat-550-rhs.mata;0.33;0.28722;0.07422;0.000648;0.000545;8.5e-05; false;0.373553;0.37;0.281732;0.074232;0.019004;0.004926;0.006187;0.006009; false;0.40203;0.35;0.28275;0.074591;0.002548;0.002744;0.00541;0.004723; false;0.3826;2.23;0.3591;0.2276;0.4034;0.0049;0.0922; False;0.5005;1.0882;TO;1.75;0.087925743;0.008244003;4.2149e-05; false;0.016423416;0.293153039;0.26;0.214163;0.073884;0.000677;0.000821;0.000129; false;0.300098;1.35;0.0727029;0.013705;0.0125718;0.0004421; False;0.0298446;0.1619205;TO;0.082596085
/home/experiments/nfa-bench/benchmarks/bool_comb/cox/inter_unsat-600-lhs.mata,/home/experiments/nfa-bench/benchmarks/bool_comb/cox/inter_unsat-600-rhs.mata;0.38;0.324152;0.079955;0.000809;0.001107;0.000166; false;0.421302;0.43;0.320017;0.07592;0.023198;0.006248;0.009033;0.01023; false;0.455571;0.38;0.543232;0.083449;0.003058;0.005692;0.007377;0.005248; false;0.666234;2.12;0.2951;0.1275;0.5607;0.0076;0.2021; False;0.7705;1.1948;TO;2.18;0.135336753;0.007447201;3.2973e-05; false;0.047131267;0.428141473;0.35;0.298527;0.073716;0.000734;0.000755;9.6e-05; false;0.387269;1.53;0.0779413;0.0149944;0.0130706;0.000408; False;0.0318465;0.1811751;TO;0.112839889
/home/experiments/nfa-bench/benchmarks/bool_comb/cox/inter_unsat-650-lhs.mata,/home/experiments/nfa-bench/benchmarks/bool_comb/cox/inter_unsat-650-rhs.mata;0.46;0.378159;0.095025;0.000928;0.001118;0.000165; false;0.492608;0.46;0.358539;0.088406;0.023557;0.006099;0.008096;0.008823; false;0.504742;0.44;0.343617;0.094605;0.00356;0.003681;0.008151;0.007795; false;0.47666;2.87;0.5526;0.2563;0.6422;0.0094;0.2342; False;0.8859;1.6961;TO;1.96;0.092954324;0.009337263;4.0389e-05; false;0.01855695;0.338596882;0.4;0.336153;0.087872;0.000759;0.000604;9.3e-05; false;0.437143;1.44;0.0725649;0.0136974;0.0129409;0.0003673; False;0.0299731;0.1756133;TO;0.0817992209999999
/home/experiments/nfa-bench/benchmarks/bool_comb/cox/inter_unsat-700-lhs.mata,/home/experiments/nfa-bench/benchmarks/bool_comb/cox/inter_unsat-700-rhs.mata;0.42;0.40693;0.088793;0.000878;0.000678;0.00023; false;0.511174;0.47;0.389005;0.088599;0.024632;0.006545;0.009147;0.009783; false;0.538735;0.44;0.384995;0.088567;0.003336;0.003237;0.006461;0.005796; false;0.504803;3.31;0.6095;0.2904;1.1448;0.0113;0.2857; False;1.4419;2.3437;TO;2.34;0.165241022;0.011039523;5.5692e-05; false;0.019512289;0.381234721;0.42;0.356453;0.095471;0.000397;0.000461;7.5e-05; false;0.461752;1.52;0.0717144;0.0131071;0.0119277;0.0003533; False;0.0288473;0.1648919;TO;0.127703053
/home/experiments/nfa-bench/benchmarks/bool_comb/cox/inter_unsat-750-lhs.mata,/home/experiments/nfa-bench/benchmarks/bool_comb/cox/inter_unsat-750-rhs.mata;0.49;0.405104;0.108715;0.001062;0.001285;0.000191; false;0.535449;0.55;0.411673;0.109583;0.02761;0.008722;0.01222;0.012572; false;0.598832;0.5;0.403978;0.098689;0.003837;0.003924;0.008545;0.008505; false;0.54334;3.83;0.6099;0.322;1.4148;0.01;0.3476; False;1.7726;2.7073;TO;2.06;0.095444095;0.008269859;3.0029e-05; false;0.015001032;0.412950644;0.27;0.21938;0.064162;0.000484;0.000742;0.000116; false;0.295017;1.5;0.0473472999999999;0.0100091;0.0082425;0.0003116; False;0.0209474;0.1113231;TO;0.0978970379999999
/home/experiments/nfa-bench/benchmarks/bool_comb/cox/inter_unsat-800-lhs.mata,/home/experiments/nfa-bench/benchmarks/bool_comb/cox/inter_unsat-800-rhs.mata;0.46;0.726526;0.096486;0.000918;0.000798;0.000129; false;0.840237;0.42;0.763952;0.082897;0.017568;0.004725;0.008017;0.007976; false;0.89851;0.3;0.359283;0.074975;0.002312;0.002445;0.005713;0.005086; false;0.460362;4.03;0.7017;0.3958;1.4975;0.0115;0.3613; False;1.8704;2.9698;TO;2.46;0.171593005;0.029781213;2.902e-05; false;0.055143397;0.477352715;0.29;0.239803;0.071412;0.000565;0.000767;9.9e-05; false;0.324673;1.53;0.0753726;0.0252584;0.0132103;0.0003749; False;0.04185;0.1831932;TO;0.08396496
/home/experiments/nfa-bench/benchmarks/bool_comb/cox/inter_unsat-850-lhs.mata,/home/experiments/nfa-bench/benchmarks/bool_comb/cox/inter_unsat-850-rhs.mata;0.55;0.462816;0.12397;0.001267;0.001006;0.000179; false;0.609009;0.57;0.43156;0.109809;0.030483;0.007644;0.010883;0.012082; false;0.615707;0.56;0.455454;0.112097;0.0034479999999999;0.003614;0.007768;0.007283; false;0.606134;2.8;0.8291;0.302;0.9807;0.012;0.2244; False;1.2172;2.3509;TO;2.53;0.175136493;0.019591407;4.2169e-05; false;0.037860098;0.447861847;0.38;0.352887;0.06992;0.000498;0.000603;0.000101; false;0.434943;1.48;0.0711893;0.0141175;0.0131984;0.0003547; False;0.0306021;0.1613695;TO;0.097161006
/home/experiments/nfa-bench/benchmarks/bool_comb/cox/inter_unsat-900-lhs.mata,/home/experiments/nfa-bench/benchmarks/bool_comb/cox/inter_unsat-900-rhs.mata;0.57;0.496452;0.115764;0.001189;0.001219;0.000194; false;0.633478;0.62;0.471233;0.10994;0.0332439999999999;0.008371;0.01377;0.014749; false;0.664841;0.57;0.444815;0.110807;0.004486;0.004345;0.009552;0.009249; false;0.599399;4.48;0.6734;0.4078;1.6935;0.0119;0.4241; False;2.1296;3.2129;TO;2.7;0.17252747;0.013827895;4.1199e-05; false;0.021917465;0.484559882;0.37;0.319638;0.071473;0.000503;0.000468;8.5e-05; false;0.402014;1.76;0.0948369;0.015858;0.0143444;0.0003621; False;0.033798;0.2245058;TO;0.141703401
/home/experiments/nfa-bench/benchmarks/bool_comb/cox/inter_unsat-950-lhs.mata,/home/experiments/nfa-bench/benchmarks/bool_comb/cox/inter_unsat-950-rhs.mata;0.59;0.503736;0.130203;0.000754;0.000799;0.000112; false;0.648675;0.65;0.485888;0.129602;0.036861;0.010608;0.016308;0.01885; false;0.714633;0.62;0.489949;0.128487;0.005404;0.004724;0.010902;0.011002; false;0.669393;4.76;0.7193;0.3684;2.0633;0.0126;0.4929; False;2.569;3.6585;TO;1.84;0.108847089;0.014550471;2.8335e-05; false;0.022538454;0.393802143;0.35;0.288257;0.076347;0.000585;0.000869;0.000101; false;0.37669;1.27;0.0879117;0.0161568;0.0281085;0.0003861; False;0.0482029;0.2039332;TO;0.083830713
